model,params,sample,FS,f1mm,cols,CAR50mm,DD95,tp,barSizeSetting,perturbDataPct,validationPeriod,rows,ham,prec,C25sig,tn,CAR25_threshold,maxReadLines,TPY,rfe_model,CAR25,fp_magmm,RSILookback,YIF,TPYmm,scoremm,version_,avg_prec,t_start,CAR25mm,ROCLookback,fp_mag,ticker,zScoreLookback,recmm,accmm,signal,CCLookback,precmm,logloss,CAR50,rStochLookback,SHA25,maxLeverage,f1,CAR75,fn_magmm,input_signal,test_split,longMemory,initial_equity,fn_mag,v_start,version,statsLookback,rec,windowLength,fp,data_type,wf_step,iters,wf_is_period,ACLookback,DD100,safef,SOR25,ATRLookback,n_features,fn,t_end,acc,DPOLookback,v_end,tailRiskPct,DD95_limit,filter,horizon,beLongThreshold,tox_adj,CAR75mm,timestamp,lastBartime,cycleTime
VotingHard,"VotingClassifier(estimators=[('GNBayes', GaussianNB()), ('LDA', LinearDiscriminantAnalysis(n_components=None, priors=None, shrinkage=None,
              solver='svd', store_covariance=False, tol=0.0001)), ('kNeighbors-uniform', KNeighborsClassifier(algorithm='auto', leaf_size=30, metric='minkowski',
           metric_params=None, n_jobs=1, n_neighbors=5, p=2,
           weights='uniform'))],
         voting='hard', weights=None)",DF1,None,0.0,56,1.0,0.00841109907743,0,30m,0.0002,120,500,0.599164926931,0.0,No DPS NZDUSD_30m Validation Period 120,192,0,5000,0.479540709812,None,65.1634642998,-1.0,1.5,1437,-1.0,1.0,v3.1,,2016-02-29 01:30:00,1.0,600,0.000921687679595,NZDUSD,10,0.0,1.0,GA15,60,0.0,20.6949025257,79.3930806288,300,3.40229939108,2,0.0,102.7673643,-0.0,1,0,False,1,0,2016-03-28 20:00:00,v3,100,0.0,10.0,287,ALL,15,1,500,12,0.00976684273186,0.282740820487,0.140306796406,5,10,0,2016-03-28 19:30:00,0.400835073069,10,2016-03-31 07:30:00,95,0.01,DF1,50,0.0,0,1.0,20160401 02:01:32 EDT,20160331 07:30:00 EDT,1111.53483333
VotingHard,"VotingClassifier(estimators=[('GNBayes', GaussianNB()), ('LDA', LinearDiscriminantAnalysis(n_components=None, priors=None, shrinkage=None,
              solver='svd', store_covariance=False, tol=0.0001)), ('kNeighbors-uniform', KNeighborsClassifier(algorithm='auto', leaf_size=30, metric='minkowski',
           metric_params=None, n_jobs=1, n_neighbors=5, p=2,
           weights='uniform'))],
         voting='hard', weights=None)",DF1,None,0.0,56,1.0,0.00841109907743,0,30m,0.0002,120,500,0.599164926931,0.0,No DPS NZDUSD_30m Validation Period 120,192,0,5000,0.479540709812,None,65.1634642998,-1.0,1.5,1437,-1.0,1.0,v3.1,,2016-02-29 01:30:00,1.0,600,0.000921687679595,NZDUSD,10,0.0,1.0,GA15,60,0.0,20.6949025257,79.3930806288,300,3.40229939108,2,0.0,102.7673643,-0.0,1,0,False,1,0,2016-03-28 20:00:00,v3,100,0.0,10.0,287,ALL,15,1,500,12,0.00976684273186,0.282740820487,0.140306796406,5,10,0,2016-03-28 19:30:00,0.400835073069,10,2016-03-31 07:30:00,95,0.01,DF1,50,0.0,0,1.0,20160401 02:01:32 EDT,20160331 07:30:00 EDT,1111.53483333
VotingHard,"VotingClassifier(estimators=[('GNBayes', GaussianNB()), ('LDA', LinearDiscriminantAnalysis(n_components=None, priors=None, shrinkage=None,
              solver='svd', store_covariance=False, tol=0.0001)), ('kNeighbors-uniform', KNeighborsClassifier(algorithm='auto', leaf_size=30, metric='minkowski',
           metric_params=None, n_jobs=1, n_neighbors=5, p=2,
           weights='uniform'))],
         voting='hard', weights=None)",DF1,None,0.0,56,1.0,0.00863363287365,0,30m,0.0002,30,250,0.565762004175,0.0,No DPS NZDUSD_30m Validation Period 30,208,0,5000,0.491440501044,None,23.976230798,-0.0,1.5,1437,-1.0,2.0,v3.1,,2016-02-29 01:30:00,1.0,600,0.000930957514005,NZDUSD,10,0.0,0.0,GA15,60,0.0,19.5411797368,30.7825964491,300,1.73894817873,2,0.0,41.5734960611,-0.0,1,0,False,1,0,2016-03-28 20:00:00,v3,100,0.0,10.0,271,ALL,15,1,250,12,0.0119557715888,0.237253203041,0.0717160437376,5,10,0,2016-03-28 19:30:00,0.434237995825,10,2016-03-31 07:30:00,95,0.01,DF1,50,0.0,0,1.0,20160401 02:30:50 EDT,20160331 07:30:00 EDT,1140.84183333
VotingHard,"VotingClassifier(estimators=[('GNBayes', GaussianNB()), ('LDA', LinearDiscriminantAnalysis(n_components=None, priors=None, shrinkage=None,
              solver='svd', store_covariance=False, tol=0.0001)), ('kNeighbors-uniform', KNeighborsClassifier(algorithm='auto', leaf_size=30, metric='minkowski',
           metric_params=None, n_jobs=1, n_neighbors=5, p=2,
           weights='uniform'))],
         voting='hard', weights=None)",DF1,None,0.0,56,1.0,0.0132158219301,0,30m,0.0002,120,500,0.604456824513,0.0,No DPS NZDUSD_30m Validation Period 120,142,0,5000,0.477195914578,None,171.100129505,-1.0,1.5,1077,-0.0,2.0,v3.1,,2016-03-02 16:00:00,1.0,600,0.000828743803498,NZDUSD,10,0.0,0.0,GA15,60,0.0,20.8776824243,252.968673756,300,3.43324734597,2,0.0,377.99586381,-0.0,1,0,False,1,0,2016-03-28 20:00:00,v3,100,0.0,50.0,217,ALL,15,1,500,12,0.01476199801,0.517091360398,0.173093571792,5,10,0,2016-03-28 19:30:00,0.395543175487,10,2016-03-31 07:30:00,95,0.01,DF1,50,0.0,0,1.0,20160401 04:09:14 EDT,20160331 07:30:00 EDT,1239.23795
VotingHard,"VotingClassifier(estimators=[('GNBayes', GaussianNB()), ('LDA', LinearDiscriminantAnalysis(n_components=None, priors=None, shrinkage=None,
              solver='svd', store_covariance=False, tol=0.0001)), ('kNeighbors-uniform', KNeighborsClassifier(algorithm='auto', leaf_size=30, metric='minkowski',
           metric_params=None, n_jobs=1, n_neighbors=5, p=2,
           weights='uniform'))],
         voting='hard', weights=None)",DF1,None,0.0,56,1.0,0.0123463589153,0,30m,0.0002,30,250,0.537604456825,0.0,No DPS NZDUSD_30m Validation Period 30,166,0,5000,0.504363974002,None,89.807454982,-0.0,1.5,1077,-1.0,2.0,v3.1,,2016-03-02 16:00:00,1.0,600,0.000799293270949,NZDUSD,10,0.0,1.0,"ZZ15_0.002,-0.002",60,0.0,18.5686299903,117.38279335,300,2.7240197015,2,0.0,150.958651426,-0.0,1,0,False,1,0,2016-03-28 20:00:00,v3,100,0.0,50.0,193,ALL,15,1,250,12,0.0184637441738,0.386670610317,0.135926626172,5,10,0,2016-03-28 19:30:00,0.462395543175,10,2016-03-31 07:30:00,95,0.01,DF1,50,0.0,0,1.0,20160401 05:48:00 EDT,20160331 07:30:00 EDT,1338.0136
VotingHard,"VotingClassifier(estimators=[('GNBayes', GaussianNB()), ('LDA', LinearDiscriminantAnalysis(n_components=None, priors=None, shrinkage=None,
              solver='svd', store_covariance=False, tol=0.0001)), ('kNeighbors-uniform', KNeighborsClassifier(algorithm='auto', leaf_size=30, metric='minkowski',
           metric_params=None, n_jobs=1, n_neighbors=5, p=2,
           weights='uniform'))],
         voting='hard', weights=None)",DF1,None,0.0,56,1.0,0.00879000190697,0,30m,0.0002,120,500,0.676880222841,0.0,No DPS NZDUSD_30m Validation Period 120,116,0,5000,0.436861652739,None,7.5000184247,-1.0,1.5,1077,-0.0,2.0,v3.1,,2016-03-02 16:00:00,1.0,600,0.000922271015721,NZDUSD,10,0.0,0.0,"ZZ1_0.002,-0.002",60,0.0,23.3791558945,12.91459171,300,0.693285731962,2,0.0,25.4220910983,-0.0,1,0,False,1,0,2016-03-28 20:00:00,v3,100,0.0,50.0,243,ALL,1,1,500,12,0.0101105417754,0.175309354018,0.0333366870967,5,10,0,2016-03-28 19:30:00,0.323119777159,10,2016-03-31 07:30:00,95,0.01,DF1,50,0.0,0,1.0,20160401 06:20:43 EDT,20160331 07:30:00 EDT,1370.71983333
VotingHard,"VotingClassifier(estimators=[('GNBayes', GaussianNB()), ('LDA', LinearDiscriminantAnalysis(n_components=None, priors=None, shrinkage=None,
              solver='svd', store_covariance=False, tol=0.0001)), ('kNeighbors-uniform', KNeighborsClassifier(algorithm='auto', leaf_size=30, metric='minkowski',
           metric_params=None, n_jobs=1, n_neighbors=5, p=2,
           weights='uniform'))],
         voting='hard', weights=None)",DF1,None,0.0,44,1.0,0.0131399579745,0,30m,0.0002,120,250,0.512534818942,0.0,No DPS NZDUSD_30m Validation Period 120,175,0,5000,0.495970287837,None,417.504650459,-0.0,1.5,1077,-1.0,2.0,v3.1,,2016-03-03 04:30:00,1.0,600,0.000902621028247,NZDUSD,10,0.0,1.0,"ZZ30_0.002,-0.002",60,0.0,17.7027353276,529.237945608,300,4.68851579626,2,0.0,750.200009234,-0.0,1,0,False,1,0,2016-03-29 19:30:00,v3,100,0.0,10.0,184,ALL,30,1,250,12,0.0158989455477,0.563814086631,0.257244674123,5,10,0,2016-03-29 19:00:00,0.487465181058,10,2016-04-01 09:00:00,95,0.01,DF1,50,0.0,0,1.0,20160401 08:49:03 EDT,20160401 09:00:00 EDT,-10.9468333333
VotingHard,"VotingClassifier(estimators=[('GNBayes', GaussianNB()), ('LDA', LinearDiscriminantAnalysis(n_components=None, priors=None, shrinkage=None,
              solver='svd', store_covariance=False, tol=0.0001)), ('kNeighbors-uniform', KNeighborsClassifier(algorithm='auto', leaf_size=30, metric='minkowski',
           metric_params=None, n_jobs=1, n_neighbors=5, p=2,
           weights='uniform'))],
         voting='hard', weights=None)",DF1,None,0.0,56,1.0,0.010780859862,0,30m,0.0002,120,250,0.738161559889,0.0,No DPS NZDUSD_30m Validation Period 120,94,0,5000,0.389099350046,None,57.5571396682,-0.0,1.5,1077,-0.0,3.0,v3.1,,2016-03-03 03:30:00,1.0,600,0.000897296663195,NZDUSD,10,0.0,0.0,"ZZ15_0.002,-0.002",60,0.0,25.4957872924,76.2086481857,300,2.22817633527,2,0.0,103.970749872,-0.0,1,0,False,1,0,2016-03-29 19:00:00,v3,100,0.0,10.0,265,ALL,15,1,250,12,0.0126780288852,0.311436132421,0.112862416331,5,10,0,2016-03-29 18:30:00,0.261838440111,10,2016-04-01 09:00:00,95,0.01,DF1,50,0.0,0,1.0,20160401 10:16:52 EDT,20160401 09:00:00 EDT,76.8791833333
VotingHard,"VotingClassifier(estimators=[('GNBayes', GaussianNB()), ('LDA', LinearDiscriminantAnalysis(n_components=None, priors=None, shrinkage=None,
              solver='svd', store_covariance=False, tol=0.0001)), ('kNeighbors-uniform', KNeighborsClassifier(algorithm='auto', leaf_size=30, metric='minkowski',
           metric_params=None, n_jobs=1, n_neighbors=5, p=2,
           weights='uniform'))],
         voting='hard', weights=None)",DF1,None,0.0,56,0.0,0.0121550708772,0,30m,0.0002,30,250,0.467966573816,0.0,No DPS NZDUSD_30m Validation Period 30,191,0,5000,0.498848653668,None,38.4117127089,-0.0,1.5,1077,-1.0,1.0,v3.1,,2016-03-03 05:00:00,1.0,600,0.000939988645388,NZDUSD,10,0.0,1.0,GA15,60,0.0,16.1633670382,53.9194620017,300,1.67904355371,2,0.0,70.6800262942,-0.0,1,0,False,1,0,2016-03-29 20:30:00,v3,100,0.0,50.0,168,ALL,15,1,250,12,0.0125425922639,0.29435195486,0.0825418077389,5,10,0,2016-03-29 20:00:00,0.532033426184,10,2016-04-01 10:30:00,95,0.01,DF1,50,0.0,0,1.0,20160401 10:42:02 EDT,20160401 10:30:00 EDT,12.0403666667
VotingHard,"VotingClassifier(estimators=[('GNBayes', GaussianNB()), ('LDA', LinearDiscriminantAnalysis(n_components=None, priors=None, shrinkage=None,
              solver='svd', store_covariance=False, tol=0.0001)), ('kNeighbors-uniform', KNeighborsClassifier(algorithm='auto', leaf_size=30, metric='minkowski',
           metric_params=None, n_jobs=1, n_neighbors=5, p=2,
           weights='uniform'))],
         voting='hard', weights=None)",DF1,None,0.0,56,1.0,0.0107757592092,0,30m,0.0002,120,250,0.462395543175,0.0,No DPS NZDUSD_30m Validation Period 120,193,0,5000,0.499257195915,None,21.8303568498,-1.0,1.5,1077,-1.0,1.0,v3.1,,2016-03-03 05:30:00,1.0,600,0.000992878151935,NZDUSD,10,0.0,1.0,"ZZ15_0.002,-0.002",60,0.0,15.970946002,36.2526723832,300,1.25858538282,2,0.0,52.7049423195,-0.0,1,0,False,1,0,2016-03-29 21:00:00,v3,100,0.0,50.0,166,ALL,15,1,250,12,0.0132140964907,0.229204472236,0.0542377845958,5,10,0,2016-03-29 20:30:00,0.537604456825,10,2016-04-01 11:00:00,95,0.01,DF1,50,0.0,0,1.0,20160401 11:43:39 EDT,20160401 11:00:00 EDT,43.6521333333
VotingHard,"VotingClassifier(estimators=[('GNBayes', GaussianNB()), ('LDA', LinearDiscriminantAnalysis(n_components=None, priors=None, shrinkage=None,
              solver='svd', store_covariance=False, tol=0.0001)), ('kNeighbors-uniform', KNeighborsClassifier(algorithm='auto', leaf_size=30, metric='minkowski',
           metric_params=None, n_jobs=1, n_neighbors=5, p=2,
           weights='uniform'))],
         voting='hard', weights=None)",DF1,None,0.0,56,1.0,0.00977922143314,0,30m,0.0002,30,250,0.504178272981,0.0,No DPS NZDUSD_30m Validation Period 30,178,0,5000,0.502284122563,None,8.72091350683,-0.0,1.5,1077,-1.0,2.0,v3.1,,2016-03-03 06:30:00,1.0,600,0.000978561555175,NZDUSD,10,0.0,0.0,GA15,60,0.0,17.4141037733,16.5800807732,300,0.64926345693,2,0.0,25.2443131238,-0.0,1,0,False,1,0,2016-03-29 22:00:00,v3,100,0.0,50.0,181,ALL,15,1,250,12,0.0109545254117,0.190957434495,0.0292528963838,5,10,0,2016-03-29 21:30:00,0.495821727019,10,2016-04-01 12:00:00,95,0.01,DF1,50,0.0,0,1.0,20160401 13:04:23 EDT,20160401 12:00:00 EDT,64.3958
VotingHard,"VotingClassifier(estimators=[('GNBayes', GaussianNB()), ('LDA', LinearDiscriminantAnalysis(n_components=None, priors=None, shrinkage=None,
              solver='svd', store_covariance=False, tol=0.0001)), ('kNeighbors-uniform', KNeighborsClassifier(algorithm='auto', leaf_size=30, metric='minkowski',
           metric_params=None, n_jobs=1, n_neighbors=5, p=2,
           weights='uniform'))],
         voting='hard', weights=None)",DF1,None,0.0,56,1.0,0.0122327483046,0,30m,0.0002,120,250,0.479108635097,0.0,No DPS NZDUSD_30m Validation Period 120,187,0,5000,0.500482822656,None,-7.85768209437,-1.0,1.5,1077,-0.0,2.0,v3.1,,2016-03-03 08:00:00,1.0,600,0.000963099357666,NZDUSD,10,0.0,1.0,"ZZ15_0.002,-0.002",60,0.0,16.5482091105,-5.23530864173,300,-1.20870588835,2,0.0,-2.31500329864,-0.0,1,0,False,1,0,2016-03-29 23:30:00,v3,100,0.0,50.0,172,ALL,15,1,250,12,0.013893485816,0.0957986393225,-0.0521573806643,5,10,0,2016-03-29 23:00:00,0.520891364903,10,2016-04-01 13:30:00,95,0.01,DF1,50,0.0,0,1.0,20160401 14:18:05 EDT,20160401 13:30:00 EDT,48.0950166667
VotingHard,"VotingClassifier(estimators=[('GNBayes', GaussianNB()), ('LDA', LinearDiscriminantAnalysis(n_components=None, priors=None, shrinkage=None,
              solver='svd', store_covariance=False, tol=0.0001)), ('kNeighbors-uniform', KNeighborsClassifier(algorithm='auto', leaf_size=30, metric='minkowski',
           metric_params=None, n_jobs=1, n_neighbors=5, p=2,
           weights='uniform'))],
         voting='hard', weights=None)",DF1,None,0.0,56,1.0,0.00900594093714,0,30m,0.0002,120,250,0.676880222841,0.0,No DPS NZDUSD_30m Validation Period 120,116,0,5000,0.438625812442,None,24.1722355171,-0.0,1.5,1077,-0.0,3.0,v3.1,,2016-03-03 09:00:00,1.0,600,0.000881816173265,NZDUSD,10,0.0,0.0,GA30,60,0.0,23.3791558945,34.3729807934,300,1.47340384378,2,0.0,48.1115737291,-0.0,1,0,False,1,0,2016-03-30 00:30:00,v3,100,0.0,50.0,243,ALL,30,1,250,12,0.0113469190647,0.200420328733,0.076859640812,5,10,0,2016-03-30 00:00:00,0.323119777159,10,2016-04-01 14:30:00,95,0.01,DF1,50,0.0,0,1.0,20160401 14:53:56 EDT,20160401 14:30:00 EDT,23.94675
VotingHard,"VotingClassifier(estimators=[('GNBayes', GaussianNB()), ('LDA', LinearDiscriminantAnalysis(n_components=None, priors=None, shrinkage=None,
              solver='svd', store_covariance=False, tol=0.0001)), ('kNeighbors-uniform', KNeighborsClassifier(algorithm='auto', leaf_size=30, metric='minkowski',
           metric_params=None, n_jobs=1, n_neighbors=5, p=2,
           weights='uniform'))],
         voting='hard', weights=None)",DF1,None,0.0,56,1.0,0.0133916496455,0,30m,0.0002,120,250,0.557103064067,0.0,No DPS NZDUSD_30m Validation Period 120,159,0,5000,0.494224698236,None,44.2387241608,-0.0,1.5,1077,-0.0,3.0,v3.1,,2016-03-03 09:30:00,1.0,600,0.000895879252147,NZDUSD,10,0.0,0.0,GA15,60,0.0,19.2421036169,66.322797921,300,1.9396181643,2,0.0,94.573467162,-0.0,1,0,False,1,0,2016-03-30 01:00:00,v3,100,0.0,50.0,200,ALL,15,1,250,12,0.017886803887,0.280818849711,0.0940070507065,5,10,0,2016-03-30 00:30:00,0.442896935933,10,2016-04-01 15:00:00,95,0.01,DF1,50,0.0,0,1.0,20160401 16:18:11 EDT,20160401 15:00:00 EDT,78.19265
VotingHard,"VotingClassifier(estimators=[('GNBayes', GaussianNB()), ('LDA', LinearDiscriminantAnalysis(n_components=None, priors=None, shrinkage=None,
              solver='svd', store_covariance=False, tol=0.0001)), ('kNeighbors-uniform', KNeighborsClassifier(algorithm='auto', leaf_size=30, metric='minkowski',
           metric_params=None, n_jobs=1, n_neighbors=5, p=2,
           weights='uniform'))],
         voting='hard', weights=None)",DF1,None,0.0,56,1.0,0.0107573114719,0,30m,0.0002,30,250,0.548746518106,0.0,No DPS NZDUSD_30m Validation Period 30,162,0,5000,0.49348189415,None,20.6801943639,-0.0,1.5,1077,-0.0,2.0,v3.1,,2016-03-03 11:30:00,1.0,600,0.000922467742532,NZDUSD,10,0.0,0.0,GA15,60,0.0,18.9534720626,32.5587828745,300,1.21610602926,2,0.0,39.4156133405,-0.0,1,0,False,1,0,2016-03-30 02:30:00,v3,100,0.0,50.0,197,ALL,15,1,250,12,0.0152522149411,0.223351755426,0.0609516017222,5,10,0,2016-03-30 02:00:00,0.451253481894,10,2016-04-01 16:30:00,95,0.01,DF1,50,0.0,0,0.0,20160401 16:36:02 EDT,20160401 16:30:00 EDT,6.03908333333
VotingHard,"VotingClassifier(estimators=[('GNBayes', GaussianNB()), ('LDA', LinearDiscriminantAnalysis(n_components=None, priors=None, shrinkage=None,
              solver='svd', store_covariance=False, tol=0.0001)), ('kNeighbors-uniform', KNeighborsClassifier(algorithm='auto', leaf_size=30, metric='minkowski',
           metric_params=None, n_jobs=1, n_neighbors=5, p=2,
           weights='uniform'))],
         voting='hard', weights=None)",DF1,None,0.0,56,1.0,0.0101989865495,0,30m,0.0002,30,500,0.573816155989,0.0,No DPS NZDUSD_30m Validation Period 30,153,0,5000,0.488895078923,None,24.6454434196,-0.0,1.5,1077,-1.0,1.0,v3.1,,2016-03-03 12:00:00,1.0,600,0.000912546277224,NZDUSD,10,0.0,1.0,"ZZ15_0.002,-0.002",60,0.0,19.8193667254,40.874195906,300,1.43685303608,2,0.0,54.2918586186,-0.0,1,0,False,1,0,2016-03-30 03:00:00,v3,100,0.0,50.0,206,ALL,15,1,500,12,0.0135408097804,0.224010826008,0.0682661431247,5,10,0,2016-03-30 02:30:00,0.426183844011,10,2016-04-01 17:00:00,95,0.01,DF1,50,0.0,0,0.0,20160401 17:17:53 EDT,20160401 17:00:00 EDT,17.89455
VotingHard,"VotingClassifier(estimators=[('GNBayes', GaussianNB()), ('LDA', LinearDiscriminantAnalysis(n_components=None, priors=None, shrinkage=None,
              solver='svd', store_covariance=False, tol=0.0001)), ('kNeighbors-uniform', KNeighborsClassifier(algorithm='auto', leaf_size=30, metric='minkowski',
           metric_params=None, n_jobs=1, n_neighbors=5, p=2,
           weights='uniform'))],
         voting='hard', weights=None)",DF1,None,0.0,56,1.0,0.0103416799335,0,30m,0.0002,30,500,0.512534818942,0.0,No DPS NZDUSD_30m Validation Period 30,175,0,5000,0.500371402043,None,60.6542630325,-0.0,1.5,1077,-1.0,2.0,v3.1,,2016-03-03 12:00:00,1.0,600,0.000843992673802,NZDUSD,10,0.0,0.0,"ZZ15_0.002,-0.002",60,0.0,17.7027353276,78.8756091724,300,2.4518367286,2,0.0,105.638296862,-0.0,1,0,False,1,0,2016-03-30 03:00:00,v3,100,0.0,10.0,184,ALL,15,1,500,12,0.0122426899241,0.274767624599,0.120168250369,5,10,0,2016-03-30 02:30:00,0.487465181058,10,2016-04-01 17:00:00,95,0.01,DF1,50,0.0,0,1.0,20160401 18:57:28 EDT,20160401 17:00:00 EDT,117.471516667
VotingHard,"VotingClassifier(estimators=[('GNBayes', GaussianNB()), ('LDA', LinearDiscriminantAnalysis(n_components=None, priors=None, shrinkage=None,
              solver='svd', store_covariance=False, tol=0.0001)), ('kNeighbors-uniform', KNeighborsClassifier(algorithm='auto', leaf_size=30, metric='minkowski',
           metric_params=None, n_jobs=1, n_neighbors=5, p=2,
           weights='uniform'))],
         voting='hard', weights=None)",DF1,None,0.0,56,1.0,0.00985661332741,0,30m,0.0002,120,500,0.740947075209,0.0,No DPS NZDUSD_30m Validation Period 120,93,0,5000,0.389117920149,None,27.5502960354,-1.0,1.5,1077,-0.0,2.0,v3.1,,2016-03-03 12:00:00,1.0,600,0.000974901598183,NZDUSD,10,0.0,0.0,"ZZ15_0.002,-0.002",60,0.0,25.5919978105,38.4907338637,300,1.46783376186,2,0.0,55.3921967955,-0.0,1,0,False,1,0,2016-03-30 03:00:00,v3,100,0.0,10.0,266,ALL,15,1,500,12,0.0122626735577,0.247497908942,0.0665159306559,5,10,0,2016-03-30 02:30:00,0.259052924791,10,2016-04-01 17:00:00,95,0.01,DF1,50,0.0,0,1.0,20160401 20:41:47 EDT,20160401 17:00:00 EDT,221.78805
VotingHard,"VotingClassifier(estimators=[('GNBayes', GaussianNB()), ('LDA', LinearDiscriminantAnalysis(n_components=None, priors=None, shrinkage=None,
              solver='svd', store_covariance=False, tol=0.0001)), ('kNeighbors-uniform', KNeighborsClassifier(algorithm='auto', leaf_size=30, metric='minkowski',
           metric_params=None, n_jobs=1, n_neighbors=5, p=2,
           weights='uniform'))],
         voting='hard', weights=None)",DF1,None,0.0,56,1.0,0.0106684761458,0,30m,0.0002,30,250,0.559888579387,0.0,No DPS NZDUSD_30m Validation Period 30,158,0,5000,0.497697307335,None,12.8648342065,-1.0,1.5,1077,-0.0,2.0,v3.1,,2016-03-03 12:00:00,1.0,600,0.000911954860364,NZDUSD,10,0.0,0.0,GA15,60,0.0,19.338314135,21.1626356091,300,0.847590942624,2,0.0,28.5547916803,-0.0,1,0,False,1,0,2016-03-30 03:00:00,v3,100,0.0,10.0,201,ALL,15,1,250,12,0.0178082947021,0.200341518317,0.037058069257,5,10,0,2016-03-30 02:30:00,0.440111420613,10,2016-04-01 17:00:00,95,0.01,DF1,50,0.0,0,1.0,20160401 22:36:56 EDT,20160401 17:00:00 EDT,336.936716667
None,None,DF1,None,0.0,56,1.0,0.00930900633781,0,30m,0.0002,30,680,0.40782122905,0.0,No DPS NZDUSD_30m Validation Period 30,106,0,5000,0.481303538175,None,60.5677855249,-0.0,1.5,537,-0.91921005386,2.08078994614,v3.1,,2016-03-11 00:30:00,1.0,600,0.00110963995812,NZDUSD,10,0.0,1.0,SH1,60,0.0,14.0859723321,106.314448451,300,1.39518503682,2,0.0,176.515091133,-0.0,1,0,False,1,0,2016-03-31 18:30:00,v3,100,0.0,30.0,73,ALL,1,1,0,12,0.0106151608689,0.289123215597,0.106510800118,5,10,0,2016-03-31 18:00:00,0.59217877095,10,2016-04-01 17:00:00,95,0.01,DF1,50,0.0,0,1.0,20160402 02:04:15 EDT,20160401 17:00:00 EDT,28.37
VotingHard,"VotingClassifier(estimators=[('GNBayes', GaussianNB()), ('LDA', LinearDiscriminantAnalysis(n_components=None, priors=None, shrinkage=None,
              solver='svd', store_covariance=False, tol=0.0001)), ('kNeighbors-uniform', KNeighborsClassifier(algorithm='auto', leaf_size=30, metric='minkowski',
           metric_params=None, n_jobs=1, n_neighbors=5, p=2,
           weights='uniform'))],
         voting='hard', weights=None)",DF1,None,0.0,56,1.0,0.0103966593914,0,30m,0.0002,45,250,0.810055865922,0.0,No DPS NZDUSD_30m Validation Period 45,34,0,5000,0.309310986965,None,78.5554629099,-1.0,1.5,537,-0.0,2.0,v3.1,,2016-03-11 00:30:00,1.0,600,0.00110941655379,NZDUSD,10,0.0,0.0,GA30,60,0.0,27.978986139,109.044439215,300,1.61387459621,2,0.0,165.194207405,-0.0,1,0,False,1,0,2016-03-31 18:30:00,v3,100,0.0,90.0,145,ALL,30,1,250,12,0.0173523816065,0.289162492457,0.106307184153,5,10,0,2016-03-31 18:00:00,0.189944134078,10,2016-04-01 17:00:00,95,0.01,DF1,50,0.0,0,1.0,20160402 03:58:13 EDT,20160401 17:00:00 EDT,113.66
VotingHard,"VotingClassifier(estimators=[('GNBayes', GaussianNB()), ('LDA', LinearDiscriminantAnalysis(n_components=None, priors=None, shrinkage=None,
              solver='svd', store_covariance=False, tol=0.0001)), ('kNeighbors-uniform', KNeighborsClassifier(algorithm='auto', leaf_size=30, metric='minkowski',
           metric_params=None, n_jobs=1, n_neighbors=5, p=2,
           weights='uniform'))],
         voting='hard', weights=None)",DF1,None,0.0,56,1.0,0.00864413370756,0,30m,0.0002,30,250,0.737430167598,0.0,No DPS NZDUSD_30m Validation Period 30,47,0,5000,0.381229050279,None,128.898168227,-0.344166971546,1.5,537,-0.0415293342123,2.61430369424,v3.1,,2016-03-11 00:30:00,1.0,600,0.00107413067459,NZDUSD,10,0.0,0.0909090909091,GA30,60,0.0,25.4705253128,163.668761978,300,2.04692583038,2,0.0,247.076048655,-0.0,1,0,False,1,0,2016-03-31 18:30:00,v3,100,0.0,30.0,132,ALL,30,1,250,12,0.0116641592058,0.338435665746,0.16202744376,5,10,0,2016-03-31 18:00:00,0.262569832402,10,2016-04-01 17:00:00,95,0.01,DF1,50,0.0,0,1.0,20160402 05:58:26 EDT,20160401 17:00:00 EDT,119.91
VotingHard,"VotingClassifier(estimators=[('GNBayes', GaussianNB()), ('LDA', LinearDiscriminantAnalysis(n_components=None, priors=None, shrinkage=None,
              solver='svd', store_covariance=False, tol=0.0001)), ('kNeighbors-uniform', KNeighborsClassifier(algorithm='auto', leaf_size=30, metric='minkowski',
           metric_params=None, n_jobs=1, n_neighbors=5, p=2,
           weights='uniform'))],
         voting='hard', weights=None)",DF1,None,0.0,56,1.0,0.013156153236,0,30m,0.0002,30,250,0.486033519553,0.0,No DPS NZDUSD_30m Validation Period 30,92,0,5000,0.500931098696,None,39.1401300215,-1.0,1.5,537,-1.0,1.0,v3.1,,2016-03-11 00:30:00,1.0,600,0.00111189682976,NZDUSD,10,0.0,1.0,GA30,60,0.0,16.7873916834,96.424619466,300,1.04062364709,2,0.0,133.450898131,-0.0,1,0,False,1,0,2016-03-31 18:30:00,v3,100,0.0,90.0,87,ALL,30,1,250,12,0.015699445636,0.27088106863,0.0754390080153,5,10,0,2016-03-31 18:00:00,0.513966480447,10,2016-04-01 17:00:00,95,0.01,DF1,50,0.0,0,1.0,20160402 08:13:59 EDT,20160401 17:00:00 EDT,135.05
VotingHard,"VotingClassifier(estimators=[('GNBayes', GaussianNB()), ('LDA', LinearDiscriminantAnalysis(n_components=None, priors=None, shrinkage=None,
              solver='svd', store_covariance=False, tol=0.0001)), ('kNeighbors-uniform', KNeighborsClassifier(algorithm='auto', leaf_size=30, metric='minkowski',
           metric_params=None, n_jobs=1, n_neighbors=5, p=2,
           weights='uniform'))],
         voting='hard', weights=None)",DF1,None,0.0,56,1.0,0.00906158192457,0,30m,0.0002,45,500,0.804469273743,0.0,No DPS NZDUSD_30m Validation Period 45,35,0,5000,0.320446927374,None,25.7623554063,-1.0,1.5,537,-0.0,2.0,v3.1,,2016-03-11 00:30:00,1.0,600,0.00106242731509,NZDUSD,10,0.0,0.0,"ZZ15_0.002,-0.002",60,0.0,27.786027614,55.9364803257,300,0.896316899849,2,0.0,78.3959938548,-0.0,1,0,False,1,0,2016-03-31 18:30:00,v3,100,0.0,90.0,144,ALL,15,1,500,12,0.0137339824622,0.22595694382,0.055902740496,5,10,0,2016-03-31 18:00:00,0.195530726257,10,2016-04-01 17:00:00,95,0.01,DF1,50,0.0,0,1.0,20160402 09:42:34 EDT,20160401 17:00:00 EDT,88.18
VotingHard,"VotingClassifier(estimators=[('GNBayes', GaussianNB()), ('LDA', LinearDiscriminantAnalysis(n_components=None, priors=None, shrinkage=None,
              solver='svd', store_covariance=False, tol=0.0001)), ('kNeighbors-uniform', KNeighborsClassifier(algorithm='auto', leaf_size=30, metric='minkowski',
           metric_params=None, n_jobs=1, n_neighbors=5, p=2,
           weights='uniform'))],
         voting='hard', weights=None)",DF1,None,0.0,56,1.0,0.0108468237446,0,30m,0.0002,45,500,0.804469273743,0.0,No DPS NZDUSD_30m Validation Period 45,35,0,5000,0.307411545624,None,36.2357750183,-1.0,1.5,537,-0.0,2.0,v3.1,,2016-03-11 00:30:00,1.0,600,0.00106242731509,NZDUSD,10,0.0,0.0,"ZZ15_0.002,-0.002",60,0.0,27.786027614,58.1504048133,300,1.07081557684,2,0.0,100.253175873,-0.0,1,0,False,1,0,2016-03-31 18:30:00,v3,100,0.0,90.0,144,ALL,15,1,500,12,0.0125872646313,0.223146671472,0.0703513056155,5,10,0,2016-03-31 18:00:00,0.195530726257,10,2016-04-01 17:00:00,95,0.01,DF1,50,0.0,0,1.0,20160402 11:25:24 EDT,20160401 17:00:00 EDT,102.58
VotingHard,"VotingClassifier(estimators=[('GNBayes', GaussianNB()), ('LDA', LinearDiscriminantAnalysis(n_components=None, priors=None, shrinkage=None,
              solver='svd', store_covariance=False, tol=0.0001)), ('kNeighbors-uniform', KNeighborsClassifier(algorithm='auto', leaf_size=30, metric='minkowski',
           metric_params=None, n_jobs=1, n_neighbors=5, p=2,
           weights='uniform'))],
         voting='hard', weights=None)",DF1,None,0.0,56,1.0,0.0132237698963,0,30m,0.0002,45,500,0.804469273743,0.0,No DPS NZDUSD_30m Validation Period 45,35,0,5000,0.323202979516,None,15.4553205825,-1.0,1.5,537,-0.0,1.0,v3.1,,2016-03-11 00:30:00,0.0,600,0.00106242731509,NZDUSD,10,0.0,0.0,"ZZ15_0.002,-0.002",60,0.0,27.786027614,38.4814761665,300,0.531130614924,2,0.0,81.9043978425,-0.0,1,0,False,1,0,2016-03-31 18:30:00,v3,100,0.0,90.0,144,ALL,15,1,500,12,0.0155926401606,0.242333749152,0.0339531147875,5,10,0,2016-03-31 18:00:00,0.195530726257,10,2016-04-01 17:00:00,95,0.01,DF1,50,0.0,0,1.0,20160402 13:01:22 EDT,20160401 17:00:00 EDT,95.67
VotingHard,"VotingClassifier(estimators=[('GNBayes', GaussianNB()), ('LDA', LinearDiscriminantAnalysis(n_components=None, priors=None, shrinkage=None,
              solver='svd', store_covariance=False, tol=0.0001)), ('kNeighbors-uniform', KNeighborsClassifier(algorithm='auto', leaf_size=30, metric='minkowski',
           metric_params=None, n_jobs=1, n_neighbors=5, p=2,
           weights='uniform'))],
         voting='hard', weights=None)",DF1,None,0.0,56,1.0,0.00999749597329,0,30m,0.0002,15,500,0.508379888268,0.0,No DPS NZDUSD_30m Validation Period 15,88,0,5000,0.505251396648,None,39.6029543609,-0.0,1.5,537,-1.0,2.0,v3.1,,2016-03-11 00:30:00,1.0,600,0.00106118582383,NZDUSD,10,0.0,1.0,"ZZ15_0.002,-0.002",60,0.0,17.5592257838,69.9483445897,300,1.17095223235,2,0.0,86.1244616326,-0.0,1,0,False,1,0,2016-03-31 18:30:00,v3,100,0.0,90.0,91,ALL,15,1,500,12,0.0122295018787,0.232921001023,0.0911673064312,5,10,0,2016-03-31 18:00:00,0.491620111732,10,2016-04-01 17:00:00,95,0.01,DF1,50,0.0,0,1.0,20160402 13:10:07 EDT,20160401 17:00:00 EDT,8.4
VotingHard,"VotingClassifier(estimators=[('GNBayes', GaussianNB()), ('LDA', LinearDiscriminantAnalysis(n_components=None, priors=None, shrinkage=None,
              solver='svd', store_covariance=False, tol=0.0001)), ('kNeighbors-uniform', KNeighborsClassifier(algorithm='auto', leaf_size=30, metric='minkowski',
           metric_params=None, n_jobs=1, n_neighbors=5, p=2,
           weights='uniform'))],
         voting='hard', weights=None)",DF1,None,0.0,56,1.0,0.0105229251534,0,30m,0.0002,15,500,0.45251396648,0.0,No DPS NZDUSD_30m Validation Period 15,98,0,5000,0.492402234637,None,38.6698210806,-0.0,1.5,537,-1.0,2.0,v3.1,,2016-03-11 00:30:00,1.0,600,0.00103158525628,NZDUSD,10,0.0,1.0,"ZZ15_0.002,-0.002",60,0.0,15.6296405328,65.5047999319,300,1.14361884749,2,0.0,114.62762416,-0.0,1,0,False,1,0,2016-03-31 18:30:00,v3,100,0.0,90.0,81,ALL,15,1,500,12,0.0165019586259,0.258399122497,0.0829716165867,5,10,0,2016-03-31 18:00:00,0.54748603352,10,2016-04-01 17:00:00,95,0.01,DF1,50,0.0,0,1.0,20160402 14:45:51 EDT,20160401 17:00:00 EDT,95.5
VotingHard,"VotingClassifier(estimators=[('GNBayes', GaussianNB()), ('LDA', LinearDiscriminantAnalysis(n_components=None, priors=None, shrinkage=None,
              solver='svd', store_covariance=False, tol=0.0001)), ('kNeighbors-uniform', KNeighborsClassifier(algorithm='auto', leaf_size=30, metric='minkowski',
           metric_params=None, n_jobs=1, n_neighbors=5, p=2,
           weights='uniform'))],
         voting='hard', weights=None)",DF1,None,0.0,56,1.0,0.0115395054869,0,30m,0.0002,45,500,0.804469273743,0.0,No DPS NZDUSD_30m Validation Period 45,35,0,5000,0.320633147114,None,29.2198020452,-1.0,1.5,537,-0.0,2.0,v3.1,,2016-03-11 00:30:00,1.0,600,0.00106242731509,NZDUSD,10,0.0,0.0,"ZZ15_0.002,-0.002",60,0.0,27.786027614,50.1395520059,300,0.866467527054,2,0.0,79.0594390537,-0.0,1,0,False,1,0,2016-03-31 18:30:00,v3,100,0.0,90.0,144,ALL,15,1,500,12,0.0142230488708,0.241964470903,0.0557359981063,5,10,0,2016-03-31 18:00:00,0.195530726257,10,2016-04-01 17:00:00,95,0.01,DF1,50,0.0,0,1.0,20160402 16:11:01 EDT,20160401 17:00:00 EDT,84.85
VotingHard,"VotingClassifier(estimators=[('GNBayes', GaussianNB()), ('LDA', LinearDiscriminantAnalysis(n_components=None, priors=None, shrinkage=None,
              solver='svd', store_covariance=False, tol=0.0001)), ('kNeighbors-uniform', KNeighborsClassifier(algorithm='auto', leaf_size=30, metric='minkowski',
           metric_params=None, n_jobs=1, n_neighbors=5, p=2,
           weights='uniform'))],
         voting='hard', weights=None)",DF1,None,0.0,56,1.0,0.0118058642022,0,30m,0.0002,15,500,0.469273743017,0.0,No DPS NZDUSD_30m Validation Period 15,95,0,5000,0.499925512104,None,51.3171199202,-0.0,1.5,537,-1.0,2.0,v3.1,,2016-03-11 00:30:00,1.0,600,0.00105415309695,NZDUSD,10,0.0,1.0,"ZZ15_0.002,-0.002",60,0.0,16.2085161081,87.912923517,300,1.2256647916,2,0.0,159.085372104,-0.0,1,0,False,1,0,2016-03-31 18:30:00,v3,100,0.0,90.0,84,ALL,15,1,500,12,0.0123863230259,0.298017192994,0.0927402820562,5,10,0,2016-03-31 18:00:00,0.530726256983,10,2016-04-01 17:00:00,95,0.01,DF1,50,0.0,0,1.0,20160402 17:32:15 EDT,20160401 17:00:00 EDT,80.79
VotingHard,"VotingClassifier(estimators=[('GNBayes', GaussianNB()), ('LDA', LinearDiscriminantAnalysis(n_components=None, priors=None, shrinkage=None,
              solver='svd', store_covariance=False, tol=0.0001)), ('kNeighbors-uniform', KNeighborsClassifier(algorithm='auto', leaf_size=30, metric='minkowski',
           metric_params=None, n_jobs=1, n_neighbors=5, p=2,
           weights='uniform'))],
         voting='hard', weights=None)",DF1,None,0.0,56,1.0,0.00968372074216,0,30m,0.0002,15,500,0.508379888268,0.0,No DPS NZDUSD_30m Validation Period 15,88,0,5000,0.495009310987,None,32.4668137768,-0.0,1.5,537,-1.0,2.0,v3.1,,2016-03-11 00:30:00,1.0,600,0.00106118582383,NZDUSD,10,0.0,1.0,"ZZ15_0.002,-0.002",60,0.0,17.5592257838,51.0658655409,300,1.04049203415,2,0.0,90.418969971,-0.0,1,0,False,1,0,2016-03-31 18:30:00,v3,100,0.0,90.0,91,ALL,15,1,500,12,0.0106299361565,0.231941909469,0.0750506291862,5,10,0,2016-03-31 18:00:00,0.491620111732,10,2016-04-01 17:00:00,95,0.01,DF1,50,0.0,0,1.0,20160402 19:06:26 EDT,20160401 17:00:00 EDT,93.77
VotingHard,"VotingClassifier(estimators=[('GNBayes', GaussianNB()), ('LDA', LinearDiscriminantAnalysis(n_components=None, priors=None, shrinkage=None,
              solver='svd', store_covariance=False, tol=0.0001)), ('kNeighbors-uniform', KNeighborsClassifier(algorithm='auto', leaf_size=30, metric='minkowski',
           metric_params=None, n_jobs=1, n_neighbors=5, p=2,
           weights='uniform'))],
         voting='hard', weights=None)",DF1,None,0.0,56,1.0,0.00938999481238,0,30m,0.0002,45,500,0.804469273743,0.0,No DPS NZDUSD_30m Validation Period 45,35,0,5000,0.318472998138,None,23.6529922237,-1.0,1.5,537,-0.0,2.0,v3.1,,2016-03-11 00:30:00,1.0,600,0.00106242731509,NZDUSD,10,0.0,0.0,"ZZ15_0.002,-0.002",60,0.0,27.786027614,41.0476856165,300,0.875406428808,2,0.0,73.3377807658,-0.0,1,0,False,1,0,2016-03-31 18:30:00,v3,100,0.0,90.0,144,ALL,15,1,500,12,0.011339601792,0.197773135436,0.0547185935724,5,10,0,2016-03-31 18:00:00,0.195530726257,10,2016-04-01 17:00:00,95,0.01,DF1,50,0.0,0,1.0,20160402 20:41:30 EDT,20160401 17:00:00 EDT,94.82
VotingHard,"VotingClassifier(estimators=[('GNBayes', GaussianNB()), ('LDA', LinearDiscriminantAnalysis(n_components=None, priors=None, shrinkage=None,
              solver='svd', store_covariance=False, tol=0.0001)), ('kNeighbors-uniform', KNeighborsClassifier(algorithm='auto', leaf_size=30, metric='minkowski',
           metric_params=None, n_jobs=1, n_neighbors=5, p=2,
           weights='uniform'))],
         voting='hard', weights=None)",DF1,None,0.0,56,1.0,0.0136334826772,0,30m,0.0002,15,500,0.474860335196,0.0,No DPS NZDUSD_30m Validation Period 15,94,0,5000,0.503724394786,None,18.6405017104,-0.0,1.5,537,-1.0,1.0,v3.1,,2016-03-11 00:30:00,0.0,600,0.00103983866221,NZDUSD,10,0.0,1.0,"ZZ15_0.002,-0.002",60,0.0,16.4014746332,55.4039431734,300,0.533481662114,2,0.0,95.2433949012,-0.0,1,0,False,1,0,2016-03-31 18:30:00,v3,100,0.0,90.0,85,ALL,15,1,500,12,0.015060787018,0.269993708182,0.0380699237843,5,10,0,2016-03-31 18:00:00,0.525139664804,10,2016-04-01 17:00:00,95,0.01,DF1,50,0.0,0,1.0,20160402 22:02:07 EDT,20160401 17:00:00 EDT,80.38
VotingHard,"VotingClassifier(estimators=[('GNBayes', GaussianNB()), ('LDA', LinearDiscriminantAnalysis(n_components=None, priors=None, shrinkage=None,
              solver='svd', store_covariance=False, tol=0.0001)), ('kNeighbors-uniform', KNeighborsClassifier(algorithm='auto', leaf_size=30, metric='minkowski',
           metric_params=None, n_jobs=1, n_neighbors=5, p=2,
           weights='uniform'))],
         voting='hard', weights=None)",DF1,None,0.0,56,1.0,0.0113536050243,0,30m,0.0002,45,500,0.776536312849,0.0,No DPS NZDUSD_30m Validation Period 45,40,0,5000,0.34800744879,None,41.7493425594,-1.0,1.5,537,-0.0,2.0,v3.1,,2016-03-11 00:30:00,1.0,600,0.00107507384054,NZDUSD,10,0.0,0.0,"ZZ15_0.002,-0.002",60,0.0,26.8212349885,87.9995236081,300,0.986183097836,2,0.0,131.057415077,-0.0,1,0,False,1,0,2016-03-31 18:30:00,v3,100,0.0,90.0,139,ALL,15,1,500,12,0.0201547230722,0.2868846208,0.0635898070679,5,10,0,2016-03-31 18:00:00,0.223463687151,10,2016-04-01 17:00:00,95,0.01,DF1,50,0.0,0,1.0,20160402 23:37:09 EDT,20160401 17:00:00 EDT,94.74
VotingHard,"VotingClassifier(estimators=[('GNBayes', GaussianNB()), ('LDA', LinearDiscriminantAnalysis(n_components=None, priors=None, shrinkage=None,
              solver='svd', store_covariance=False, tol=0.0001)), ('kNeighbors-uniform', KNeighborsClassifier(algorithm='auto', leaf_size=30, metric='minkowski',
           metric_params=None, n_jobs=1, n_neighbors=5, p=2,
           weights='uniform'))],
         voting='hard', weights=None)",DF1,None,0.0,56,1.0,0.0131017295639,0,30m,0.0002,15,500,0.426966292135,0.0,No DPS NZDUSD_30m Validation Period 15,51,0,5000,0.489288389513,None,53.7115192143,-1.0,1.5,267,-1.0,1.0,v3.1,,2016-03-14 22:30:00,1.0,600,0.00106059815649,NZDUSD,10,0.0,1.0,"ZZ15_0.002,-0.002",60,0.0,14.7472346934,118.28436558,300,0.781868896492,2,0.0,248.414583441,-0.0,1,0,False,1,0,2016-03-31 18:30:00,v3,100,0.0,90.0,38,ALL,15,1,500,12,0.0175124098592,0.345043007256,0.0886632793432,5,10,0,2016-03-31 18:00:00,0.573033707865,10,2016-04-01 17:00:00,95,0.01,DF1,50,0.0,0,1.0,20160403 00:22:55 EDT,20160401 17:00:00 EDT,45.48
VotingHard,"VotingClassifier(estimators=[('GNBayes', GaussianNB()), ('LDA', LinearDiscriminantAnalysis(n_components=None, priors=None, shrinkage=None,
              solver='svd', store_covariance=False, tol=0.0001)), ('kNeighbors-uniform', KNeighborsClassifier(algorithm='auto', leaf_size=30, metric='minkowski',
           metric_params=None, n_jobs=1, n_neighbors=5, p=2,
           weights='uniform'))],
         voting='hard', weights=None)",DF1,None,0.0,56,1.0,0.0102698415693,0,30m,0.0002,15,500,0.404494382022,0.0,No DPS NZDUSD_30m Validation Period 15,53,0,5000,0.481722846442,None,85.491323662,-1.0,1.5,267,-1.0,1.0,v3.1,,2016-03-14 22:30:00,1.0,600,0.0010428121673,NZDUSD,10,0.0,1.0,"ZZ15_0.002,-0.002",60,0.0,13.9710644463,170.068407199,300,1.04456621194,2,0.0,277.233075704,-0.0,1,0,False,1,0,2016-03-31 18:30:00,v3,100,0.0,90.0,36,ALL,15,1,500,12,0.0137433226951,0.396416530078,0.11106442042,5,10,0,2016-03-31 18:00:00,0.595505617978,10,2016-04-01 17:00:00,95,0.01,DF1,50,0.0,0,1.0,20160403 01:17:07 EDT,20160401 17:00:00 EDT,54.0
VotingHard,"VotingClassifier(estimators=[('GNBayes', GaussianNB()), ('LDA', LinearDiscriminantAnalysis(n_components=None, priors=None, shrinkage=None,
              solver='svd', store_covariance=False, tol=0.0001)), ('kNeighbors-uniform', KNeighborsClassifier(algorithm='auto', leaf_size=30, metric='minkowski',
           metric_params=None, n_jobs=1, n_neighbors=5, p=2,
           weights='uniform'))],
         voting='hard', weights=None)",DF1,None,0.0,56,1.0,0.0100398867305,0,30m,0.0002,15,500,0.359550561798,0.0,No DPS NZDUSD_30m Validation Period 15,57,0,5000,0.458277153558,None,133.05687588,-1.0,1.5,267,-0.0,2.0,v3.1,,2016-03-14 22:30:00,1.0,600,0.00102229242168,NZDUSD,10,0.0,1.0,"ZZ15_0.002,-0.002",60,0.0,12.4187239523,258.786247842,300,1.22487841543,2,0.0,524.611091836,-0.0,1,0,False,1,0,2016-03-31 18:30:00,v3,100,0.0,90.0,32,ALL,15,1,500,12,0.0112335928946,0.454654140868,0.153937662388,5,10,0,2016-03-31 18:00:00,0.640449438202,10,2016-04-01 17:00:00,95,0.01,DF1,50,0.0,0,1.0,20160403 02:05:48 EDT,20160401 17:00:00 EDT,48.45
VotingHard,"VotingClassifier(estimators=[('GNBayes', GaussianNB()), ('LDA', LinearDiscriminantAnalysis(n_components=None, priors=None, shrinkage=None,
              solver='svd', store_covariance=False, tol=0.0001)), ('kNeighbors-uniform', KNeighborsClassifier(algorithm='auto', leaf_size=30, metric='minkowski',
           metric_params=None, n_jobs=1, n_neighbors=5, p=2,
           weights='uniform'))],
         voting='hard', weights=None)",DF1,None,0.0,56,1.0,0.00740640355478,0,30m,0.0002,15,500,0.426966292135,0.0,No DPS NZDUSD_30m Validation Period 15,51,0,5000,0.492734082397,None,44.8396268913,-1.0,1.5,267,-1.0,1.0,v3.1,,2016-03-14 22:30:00,1.0,600,0.00106059815649,NZDUSD,10,0.0,1.0,"ZZ15_0.002,-0.002",60,0.0,14.7472346934,113.195048067,300,0.847958884697,2,0.0,182.482626445,-0.0,1,0,False,1,0,2016-03-31 18:30:00,v3,100,0.0,90.0,38,ALL,15,1,500,12,0.0092819448,0.309279865495,0.0907207244649,5,10,0,2016-03-31 18:00:00,0.573033707865,10,2016-04-01 17:00:00,95,0.01,DF1,50,0.0,0,1.0,20160403 02:10:23 EDT,20160401 17:00:00 EDT,4.37
VotingHard,"VotingClassifier(estimators=[('GNBayes', GaussianNB()), ('LDA', LinearDiscriminantAnalysis(n_components=None, priors=None, shrinkage=None,
              solver='svd', store_covariance=False, tol=0.0001)), ('kNeighbors-uniform', KNeighborsClassifier(algorithm='auto', leaf_size=30, metric='minkowski',
           metric_params=None, n_jobs=1, n_neighbors=5, p=2,
           weights='uniform'))],
         voting='hard', weights=None)",DF1,None,0.0,56,1.0,0.0119731895031,0,30m,0.0002,15,500,0.404494382022,0.0,No DPS NZDUSD_30m Validation Period 15,53,0,5000,0.479850187266,None,62.314492778,-1.0,1.5,267,-1.0,1.0,v3.1,,2016-03-14 22:30:00,1.0,600,0.0010428121673,NZDUSD,10,0.0,1.0,"ZZ15_0.002,-0.002",60,0.0,13.9710644463,131.623871652,300,0.729174242711,2,0.0,232.657757269,-0.0,1,0,False,1,0,2016-03-31 18:30:00,v3,100,0.0,30.0,36,ALL,15,1,500,12,0.0160733007471,0.410998615557,0.0835267962879,5,10,0,2016-03-31 18:00:00,0.595505617978,10,2016-04-01 17:00:00,95,0.01,DF1,50,0.0,0,1.0,20160403 02:59:29 EDT,20160401 17:00:00 EDT,48.97
VotingHard,"VotingClassifier(estimators=[('GNBayes', GaussianNB()), ('LDA', LinearDiscriminantAnalysis(n_components=None, priors=None, shrinkage=None,
              solver='svd', store_covariance=False, tol=0.0001)), ('kNeighbors-uniform', KNeighborsClassifier(algorithm='auto', leaf_size=30, metric='minkowski',
           metric_params=None, n_jobs=1, n_neighbors=5, p=2,
           weights='uniform'))],
         voting='hard', weights=None)",DF1,None,0.0,56,1.0,0.00956588160202,0,30m,0.0002,15,500,0.426966292135,0.0,No DPS NZDUSD_30m Validation Period 15,51,0,5000,0.489962546816,None,27.9474267638,-1.0,1.5,267,-1.0,1.0,v3.1,,2016-03-14 22:30:00,1.0,600,0.00106059815649,NZDUSD,10,0.0,1.0,"ZZ15_0.002,-0.002",60,0.0,14.7472346934,92.890484158,300,0.526606488127,2,0.0,212.828519589,-0.0,1,0,False,1,0,2016-03-31 18:30:00,v3,100,0.0,90.0,38,ALL,15,1,500,12,0.011604060758,0.326563292032,0.0546782750666,5,10,0,2016-03-31 18:00:00,0.573033707865,10,2016-04-01 17:00:00,95,0.01,DF1,50,0.0,0,1.0,20160403 03:41:19 EDT,20160401 17:00:00 EDT,41.53
VotingHard,"VotingClassifier(estimators=[('GNBayes', GaussianNB()), ('LDA', LinearDiscriminantAnalysis(n_components=None, priors=None, shrinkage=None,
              solver='svd', store_covariance=False, tol=0.0001)), ('kNeighbors-uniform', KNeighborsClassifier(algorithm='auto', leaf_size=30, metric='minkowski',
           metric_params=None, n_jobs=1, n_neighbors=5, p=2,
           weights='uniform'))],
         voting='hard', weights=None)",DF1,None,0.0,56,1.0,0.0093508641334,0,30m,0.0002,15,500,0.584269662921,0.0,No DPS NZDUSD_30m Validation Period 15,37,0,5000,0.483370786517,None,12.8887108402,-1.0,1.5,267,-1.0,1.0,v3.1,,2016-03-14 22:30:00,1.0,600,0.00102349662263,NZDUSD,10,0.0,1.0,"ZZ15_0.002,-0.002",60,0.0,20.1804264225,55.1347584092,300,0.218161742646,2,0.0,113.077654751,-0.0,1,0,False,1,0,2016-03-31 18:30:00,v3,100,0.0,90.0,52,ALL,15,1,500,12,0.0145404012709,0.313253788363,0.0243412469145,5,10,0,2016-03-31 18:00:00,0.415730337079,10,2016-04-01 17:00:00,95,0.01,DF1,50,0.0,0,1.0,20160403 04:38:06 EDT,20160401 17:00:00 EDT,56.6
VotingHard,"VotingClassifier(estimators=[('GNBayes', GaussianNB()), ('LDA', LinearDiscriminantAnalysis(n_components=None, priors=None, shrinkage=None,
              solver='svd', store_covariance=False, tol=0.0001)), ('kNeighbors-uniform', KNeighborsClassifier(algorithm='auto', leaf_size=30, metric='minkowski',
           metric_params=None, n_jobs=1, n_neighbors=5, p=2,
           weights='uniform'))],
         voting='hard', weights=None)",DF1,None,0.0,56,1.0,0.0111132700668,0,30m,0.0002,15,500,0.359550561798,0.0,No DPS NZDUSD_30m Validation Period 15,57,0,5000,0.458127340824,None,166.559142666,-1.0,1.5,267,-0.0,2.0,v3.1,,2016-03-14 22:30:00,1.0,600,0.00102229242168,NZDUSD,10,0.0,1.0,"ZZ15_0.002,-0.002",60,0.0,12.4187239523,247.945225912,300,1.58517414374,2,0.0,459.740349164,-0.0,1,0,False,1,0,2016-03-31 18:30:00,v3,100,0.0,90.0,32,ALL,15,1,500,12,0.0137705273483,0.404898195675,0.184951565291,5,10,0,2016-03-31 18:00:00,0.640449438202,10,2016-04-01 17:00:00,95,0.01,DF1,50,0.0,0,1.0,20160403 05:25:21 EDT,20160401 17:00:00 EDT,46.77
VotingHard,"VotingClassifier(estimators=[('GNBayes', GaussianNB()), ('LDA', LinearDiscriminantAnalysis(n_components=None, priors=None, shrinkage=None,
              solver='svd', store_covariance=False, tol=0.0001)), ('kNeighbors-uniform', KNeighborsClassifier(algorithm='auto', leaf_size=30, metric='minkowski',
           metric_params=None, n_jobs=1, n_neighbors=5, p=2,
           weights='uniform'))],
         voting='hard', weights=None)",DF1,None,0.0,56,1.0,0.0120852361763,0,30m,0.0002,15,500,0.426966292135,0.0,No DPS NZDUSD_30m Validation Period 15,51,0,5000,0.491310861423,None,95.9814479558,-1.0,1.5,267,-1.0,1.0,v3.1,,2016-03-14 22:30:00,1.0,600,0.00106059815649,NZDUSD,10,0.0,1.0,"ZZ15_0.002,-0.002",60,0.0,14.7472346934,172.272365197,300,1.11237981283,2,0.0,329.779262351,-0.0,1,0,False,1,0,2016-03-31 18:30:00,v3,100,0.0,30.0,38,ALL,15,1,500,12,0.0152719240944,0.439751626352,0.116187374848,5,10,0,2016-03-31 18:00:00,0.573033707865,10,2016-04-01 17:00:00,95,0.01,DF1,50,0.0,0,1.0,20160403 06:12:24 EDT,20160401 17:00:00 EDT,46.83
VotingHard,"VotingClassifier(estimators=[('GNBayes', GaussianNB()), ('LDA', LinearDiscriminantAnalysis(n_components=None, priors=None, shrinkage=None,
              solver='svd', store_covariance=False, tol=0.0001)), ('kNeighbors-uniform', KNeighborsClassifier(algorithm='auto', leaf_size=30, metric='minkowski',
           metric_params=None, n_jobs=1, n_neighbors=5, p=2,
           weights='uniform'))],
         voting='hard', weights=None)",DF1,None,0.0,56,1.0,0.00926132425239,0,30m,0.0002,15,500,0.404494382022,0.0,No DPS NZDUSD_30m Validation Period 15,53,0,5000,0.482247191011,None,54.0915213168,-1.0,1.5,267,-1.0,1.0,v3.1,,2016-03-14 22:30:00,1.0,600,0.0010428121673,NZDUSD,10,0.0,1.0,"ZZ15_0.002,-0.002",60,0.0,13.9710644463,139.339498767,300,0.90805418769,2,0.0,232.91631466,-0.0,1,0,False,1,0,2016-03-31 18:30:00,v3,100,0.0,90.0,36,ALL,15,1,500,12,0.0104968608319,0.32981342319,0.0959671886399,5,10,0,2016-03-31 18:00:00,0.595505617978,10,2016-04-01 17:00:00,95,0.01,DF1,50,0.0,0,1.0,20160403 06:56:12 EDT,20160401 17:00:00 EDT,43.59
VotingHard,"VotingClassifier(estimators=[('GNBayes', GaussianNB()), ('LDA', LinearDiscriminantAnalysis(n_components=None, priors=None, shrinkage=None,
              solver='svd', store_covariance=False, tol=0.0001)), ('kNeighbors-uniform', KNeighborsClassifier(algorithm='auto', leaf_size=30, metric='minkowski',
           metric_params=None, n_jobs=1, n_neighbors=5, p=2,
           weights='uniform'))],
         voting='hard', weights=None)",DF1,None,0.0,56,1.0,0.00908638366949,0,30m,0.0002,15,500,0.426966292135,0.0,No DPS NZDUSD_30m Validation Period 15,51,0,5000,0.489438202247,None,42.2060083243,-1.0,1.5,267,-1.0,1.0,v3.1,,2016-03-14 22:30:00,1.0,600,0.00106059815649,NZDUSD,10,0.0,1.0,"ZZ15_0.002,-0.002",60,0.0,14.7472346934,93.5918555445,300,0.770158689992,2,0.0,174.375973552,-0.0,1,0,False,1,0,2016-03-31 18:30:00,v3,100,0.0,30.0,38,ALL,15,1,500,12,0.011209636787,0.29510090673,0.0825241097926,5,10,0,2016-03-31 18:00:00,0.573033707865,10,2016-04-01 17:00:00,95,0.01,DF1,50,0.0,0,1.0,20160403 07:43:40 EDT,20160401 17:00:00 EDT,47.17
VotingHard,"VotingClassifier(estimators=[('GNBayes', GaussianNB()), ('LDA', LinearDiscriminantAnalysis(n_components=None, priors=None, shrinkage=None,
              solver='svd', store_covariance=False, tol=0.0001)), ('kNeighbors-uniform', KNeighborsClassifier(algorithm='auto', leaf_size=30, metric='minkowski',
           metric_params=None, n_jobs=1, n_neighbors=5, p=2,
           weights='uniform'))],
         voting='hard', weights=None)",DF1,None,0.0,56,1.0,0.0110837374793,0,30m,0.0002,15,500,0.426966292135,0.0,No DPS NZDUSD_30m Validation Period 15,51,0,5000,0.48404494382,None,39.9341414971,-1.0,1.5,267,-1.0,1.0,v3.1,,2016-03-14 22:30:00,1.0,600,0.00106059815649,NZDUSD,10,0.0,1.0,"ZZ15_0.002,-0.002",60,0.0,14.7472346934,115.217475007,300,0.616632726955,2,0.0,225.3479548,-0.0,1,0,False,1,0,2016-03-31 18:30:00,v3,100,0.0,30.0,38,ALL,15,1,500,12,0.0132967808307,0.344777541468,0.0689595024992,5,10,0,2016-03-31 18:00:00,0.573033707865,10,2016-04-01 17:00:00,95,0.01,DF1,50,0.0,0,1.0,20160403 08:29:27 EDT,20160401 17:00:00 EDT,45.45
VotingHard,"VotingClassifier(estimators=[('GNBayes', GaussianNB()), ('LDA', LinearDiscriminantAnalysis(n_components=None, priors=None, shrinkage=None,
              solver='svd', store_covariance=False, tol=0.0001)), ('kNeighbors-uniform', KNeighborsClassifier(algorithm='auto', leaf_size=30, metric='minkowski',
           metric_params=None, n_jobs=1, n_neighbors=5, p=2,
           weights='uniform'))],
         voting='hard', weights=None)",DF1,None,0.0,56,1.0,0.0086293881771,0,30m,0.0002,15,500,0.426966292135,0.0,No DPS NZDUSD_30m Validation Period 15,51,0,5000,0.493782771536,None,37.5112279095,-1.0,1.5,267,-1.0,1.0,v3.1,,2016-03-14 22:30:00,1.0,600,0.00106059815649,NZDUSD,10,0.0,1.0,"ZZ15_0.002,-0.002",60,0.0,14.7472346934,72.0536873661,300,0.781008585917,2,0.0,192.369414524,-0.0,1,0,False,1,0,2016-03-31 18:30:00,v3,100,0.0,90.0,38,ALL,15,1,500,12,0.00987146005782,0.294058444507,0.0821096704523,5,10,0,2016-03-31 18:00:00,0.573033707865,10,2016-04-01 17:00:00,95,0.01,DF1,50,0.0,0,1.0,20160403 09:13:35 EDT,20160401 17:00:00 EDT,43.79
VotingHard,"VotingClassifier(estimators=[('GNBayes', GaussianNB()), ('LDA', LinearDiscriminantAnalysis(n_components=None, priors=None, shrinkage=None,
              solver='svd', store_covariance=False, tol=0.0001)), ('kNeighbors-uniform', KNeighborsClassifier(algorithm='auto', leaf_size=30, metric='minkowski',
           metric_params=None, n_jobs=1, n_neighbors=5, p=2,
           weights='uniform'))],
         voting='hard', weights=None)",DF1,None,0.0,56,1.0,0.00881589914821,0,30m,0.0002,15,500,0.426966292135,0.0,No DPS NZDUSD_30m Validation Period 15,51,0,5000,0.487640449438,None,40.8244254561,-1.0,1.5,267,-1.0,1.0,v3.1,,2016-03-14 22:30:00,1.0,600,0.00106059815649,NZDUSD,10,0.0,1.0,"ZZ15_0.002,-0.002",60,0.0,14.7472346934,98.986736007,300,0.629554445382,2,0.0,187.252274345,-0.0,1,0,False,1,0,2016-03-31 18:30:00,v3,100,0.0,90.0,38,ALL,15,1,500,12,0.0115252551354,0.366612258141,0.0651952208794,5,10,0,2016-03-31 18:00:00,0.573033707865,10,2016-04-01 17:00:00,95,0.01,DF1,50,0.0,0,1.0,20160403 10:00:01 EDT,20160401 17:00:00 EDT,46.15
VotingHard,"VotingClassifier(estimators=[('GNBayes', GaussianNB()), ('LDA', LinearDiscriminantAnalysis(n_components=None, priors=None, shrinkage=None,
              solver='svd', store_covariance=False, tol=0.0001)), ('kNeighbors-uniform', KNeighborsClassifier(algorithm='auto', leaf_size=30, metric='minkowski',
           metric_params=None, n_jobs=1, n_neighbors=5, p=2,
           weights='uniform'))],
         voting='hard', weights=None)",DF1,None,0.0,56,1.0,0.0109358520274,0,30m,0.0002,15,500,0.404494382022,0.0,No DPS NZDUSD_30m Validation Period 15,53,0,5000,0.482546816479,None,60.5554872633,-1.0,1.5,267,-1.0,1.0,v3.1,,2016-03-14 22:30:00,1.0,600,0.0010428121673,NZDUSD,10,0.0,1.0,"ZZ15_0.002,-0.002",60,0.0,13.9710644463,148.697339706,300,0.747837070454,2,0.0,259.94227389,-0.0,1,0,False,1,0,2016-03-31 18:30:00,v3,100,0.0,90.0,36,ALL,15,1,500,12,0.0148353659148,0.411306601783,0.0804237830029,5,10,0,2016-03-31 18:00:00,0.595505617978,10,2016-04-01 17:00:00,95,0.01,DF1,50,0.0,0,1.0,20160403 10:42:24 EDT,20160401 17:00:00 EDT,42.08
VotingHard,"VotingClassifier(estimators=[('GNBayes', GaussianNB()), ('LDA', LinearDiscriminantAnalysis(n_components=None, priors=None, shrinkage=None,
              solver='svd', store_covariance=False, tol=0.0001)), ('kNeighbors-uniform', KNeighborsClassifier(algorithm='auto', leaf_size=30, metric='minkowski',
           metric_params=None, n_jobs=1, n_neighbors=5, p=2,
           weights='uniform'))],
         voting='hard', weights=None)",DF1,None,0.0,56,1.0,0.0110407431732,0,30m,0.0002,15,500,0.359550561798,0.0,No DPS NZDUSD_30m Validation Period 15,57,0,5000,0.468764044944,None,113.220711643,-1.0,1.5,267,-0.0,2.0,v3.1,,2016-03-14 22:30:00,1.0,600,0.00102229242168,NZDUSD,10,0.0,1.0,"ZZ15_0.002,-0.002",60,0.0,12.4187239523,232.663010743,300,0.981121847102,2,0.0,448.380984898,-0.0,1,0,False,1,0,2016-03-31 18:30:00,v3,100,0.0,30.0,32,ALL,15,1,500,12,0.0149884852476,0.523283061938,0.113016484676,5,10,0,2016-03-31 18:00:00,0.640449438202,10,2016-04-01 17:00:00,95,0.01,DF1,50,0.0,0,1.0,20160403 11:25:05 EDT,20160401 17:00:00 EDT,42.33
VotingHard,"VotingClassifier(estimators=[('GNBayes', GaussianNB()), ('LDA', LinearDiscriminantAnalysis(n_components=None, priors=None, shrinkage=None,
              solver='svd', store_covariance=False, tol=0.0001)), ('kNeighbors-uniform', KNeighborsClassifier(algorithm='auto', leaf_size=30, metric='minkowski',
           metric_params=None, n_jobs=1, n_neighbors=5, p=2,
           weights='uniform'))],
         voting='hard', weights=None)",DF1,None,0.0,56,1.0,0.00975069314443,0,30m,0.0002,15,500,0.426966292135,0.0,No DPS NZDUSD_30m Validation Period 15,51,0,5000,0.484344569288,None,59.929025166,-1.0,1.5,267,-1.0,1.0,v3.1,,2016-03-14 22:30:00,1.0,600,0.00106059815649,NZDUSD,10,0.0,1.0,"ZZ15_0.002,-0.002",60,0.0,14.7472346934,109.139383573,300,0.840842663707,2,0.0,224.201720492,-0.0,1,0,False,1,0,2016-03-31 18:30:00,v3,100,0.0,90.0,38,ALL,15,1,500,12,0.0100540194092,0.332857658185,0.0930791565873,5,10,0,2016-03-31 18:00:00,0.573033707865,10,2016-04-01 17:00:00,95,0.01,DF1,50,0.0,0,1.0,20160403 11:32:42 EDT,20160401 17:00:00 EDT,7.36
VotingHard,"VotingClassifier(estimators=[('GNBayes', GaussianNB()), ('LDA', LinearDiscriminantAnalysis(n_components=None, priors=None, shrinkage=None,
              solver='svd', store_covariance=False, tol=0.0001)), ('kNeighbors-uniform', KNeighborsClassifier(algorithm='auto', leaf_size=30, metric='minkowski',
           metric_params=None, n_jobs=1, n_neighbors=5, p=2,
           weights='uniform'))],
         voting='hard', weights=None)",DF1,None,0.0,56,1.0,0.0130698814726,0,30m,0.0002,15,500,0.426966292135,0.0,No DPS NZDUSD_30m Validation Period 15,51,0,5000,0.483370786517,None,86.327559295,-1.0,1.5,267,-1.0,1.0,v3.1,,2016-03-14 22:30:00,1.0,600,0.00106059815649,NZDUSD,10,0.0,1.0,"ZZ15_0.002,-0.002",60,0.0,14.7472346934,172.501887797,300,1.02455669523,2,0.0,320.821998678,-0.0,1,0,False,1,0,2016-03-31 18:30:00,v3,100,0.0,30.0,38,ALL,15,1,500,12,0.0152042882149,0.412558604078,0.107723189785,5,10,0,2016-03-31 18:00:00,0.573033707865,10,2016-04-01 17:00:00,95,0.01,DF1,50,0.0,0,1.0,20160403 12:26:02 EDT,20160401 17:00:00 EDT,52.66
VotingHard,"VotingClassifier(estimators=[('GNBayes', GaussianNB()), ('LDA', LinearDiscriminantAnalysis(n_components=None, priors=None, shrinkage=None,
              solver='svd', store_covariance=False, tol=0.0001)), ('kNeighbors-uniform', KNeighborsClassifier(algorithm='auto', leaf_size=30, metric='minkowski',
           metric_params=None, n_jobs=1, n_neighbors=5, p=2,
           weights='uniform'))],
         voting='hard', weights=None)",DF1,None,0.0,56,1.0,0.00970826597516,0,30m,0.0002,15,500,0.359550561798,0.0,No DPS NZDUSD_30m Validation Period 15,57,0,5000,0.458801498127,None,118.821390773,-1.0,1.5,267,-0.0,2.0,v3.1,,2016-03-14 22:30:00,1.0,600,0.00102229242168,NZDUSD,10,0.0,1.0,"ZZ15_0.002,-0.002",60,0.0,12.4187239523,218.361706783,300,1.26166851852,2,0.0,429.659922115,-0.0,1,0,False,1,0,2016-03-31 18:30:00,v3,100,0.0,90.0,32,ALL,15,1,500,12,0.0116682573508,0.421120763372,0.146436716057,5,10,0,2016-03-31 18:00:00,0.640449438202,10,2016-04-01 17:00:00,95,0.01,DF1,50,0.0,0,1.0,20160403 13:11:47 EDT,20160401 17:00:00 EDT,45.15
VotingHard,"VotingClassifier(estimators=[('GNBayes', GaussianNB()), ('LDA', LinearDiscriminantAnalysis(n_components=None, priors=None, shrinkage=None,
              solver='svd', store_covariance=False, tol=0.0001)), ('kNeighbors-uniform', KNeighborsClassifier(algorithm='auto', leaf_size=30, metric='minkowski',
           metric_params=None, n_jobs=1, n_neighbors=5, p=2,
           weights='uniform'))],
         voting='hard', weights=None)",DF1,None,0.0,56,1.0,0.00885257066817,0,30m,0.0002,15,500,0.404494382022,0.0,No DPS NZDUSD_30m Validation Period 15,53,0,5000,0.467565543071,None,76.2438295985,-1.0,1.5,267,-0.0,2.0,v3.1,,2016-03-14 22:30:00,1.0,600,0.0010428121673,NZDUSD,10,0.0,1.0,"ZZ15_0.002,-0.002",60,0.0,13.9710644463,129.599435552,300,1.03030532038,2,0.0,278.765058105,-0.0,1,0,False,1,0,2016-03-31 18:30:00,v3,100,0.0,30.0,36,ALL,15,1,500,12,0.013905719593,0.342854260737,0.119203669633,5,10,0,2016-03-31 18:00:00,0.595505617978,10,2016-04-01 17:00:00,95,0.01,DF1,50,0.0,0,1.0,20160403 13:59:37 EDT,20160401 17:00:00 EDT,47.63
VotingHard,"VotingClassifier(estimators=[('GNBayes', GaussianNB()), ('LDA', LinearDiscriminantAnalysis(n_components=None, priors=None, shrinkage=None,
              solver='svd', store_covariance=False, tol=0.0001)), ('kNeighbors-uniform', KNeighborsClassifier(algorithm='auto', leaf_size=30, metric='minkowski',
           metric_params=None, n_jobs=1, n_neighbors=5, p=2,
           weights='uniform'))],
         voting='hard', weights=None)",DF1,None,0.0,56,1.0,0.0104642808213,0,30m,0.0002,15,500,0.404494382022,0.0,No DPS NZDUSD_30m Validation Period 15,53,0,5000,0.483670411985,None,22.7641901795,-1.0,1.5,267,-1.0,1.0,v3.1,,2016-03-14 22:30:00,1.0,600,0.0010428121673,NZDUSD,10,0.0,1.0,"ZZ15_0.002,-0.002",60,0.0,13.9710644463,124.041346855,300,0.395421766382,2,0.0,231.688314163,-0.0,1,0,False,1,0,2016-03-31 18:30:00,v3,100,0.0,90.0,36,ALL,15,1,500,12,0.0124255750971,0.339950933457,0.0413044976131,5,10,0,2016-03-31 18:00:00,0.595505617978,10,2016-04-01 17:00:00,95,0.01,DF1,50,0.0,0,1.0,20160403 14:47:28 EDT,20160401 17:00:00 EDT,47.43
VotingHard,"VotingClassifier(estimators=[('GNBayes', GaussianNB()), ('LDA', LinearDiscriminantAnalysis(n_components=None, priors=None, shrinkage=None,
              solver='svd', store_covariance=False, tol=0.0001)), ('kNeighbors-uniform', KNeighborsClassifier(algorithm='auto', leaf_size=30, metric='minkowski',
           metric_params=None, n_jobs=1, n_neighbors=5, p=2,
           weights='uniform'))],
         voting='hard', weights=None)",DF1,None,0.0,56,1.0,0.00823038838402,0,30m,0.0002,15,500,0.584269662921,0.0,No DPS NZDUSD_30m Validation Period 15,37,0,5000,0.481722846442,None,13.1097857793,-1.0,1.5,267,-1.0,1.0,v3.1,,2016-03-14 22:30:00,1.0,600,0.00102349662263,NZDUSD,10,0.0,1.0,"ZZ15_0.002,-0.002",60,0.0,20.1804264225,42.9266580897,300,0.284602658214,2,0.0,94.0395840223,-0.0,1,0,False,1,0,2016-03-31 18:30:00,v3,100,0.0,90.0,52,ALL,15,1,500,12,0.0126294169685,0.266215338605,0.0299484678256,5,10,0,2016-03-31 18:00:00,0.415730337079,10,2016-04-01 17:00:00,95,0.01,DF1,50,0.0,0,1.0,20160403 15:40:19 EDT,20160401 17:00:00 EDT,52.66
VotingHard,"VotingClassifier(estimators=[('GNBayes', GaussianNB()), ('LDA', LinearDiscriminantAnalysis(n_components=None, priors=None, shrinkage=None,
              solver='svd', store_covariance=False, tol=0.0001)), ('kNeighbors-uniform', KNeighborsClassifier(algorithm='auto', leaf_size=30, metric='minkowski',
           metric_params=None, n_jobs=1, n_neighbors=5, p=2,
           weights='uniform'))],
         voting='hard', weights=None)",DF1,None,0.0,56,1.0,0.00793840399975,0,30m,0.0002,15,500,0.426966292135,0.0,No DPS NZDUSD_30m Validation Period 15,51,0,5000,0.494232209738,None,44.6228940303,-1.0,1.5,267,-1.0,1.0,v3.1,,2016-03-14 22:30:00,1.0,600,0.00106059815649,NZDUSD,10,0.0,1.0,"ZZ15_0.002,-0.002",60,0.0,14.7472346934,85.5921855212,300,0.736636234977,2,0.0,238.830305879,-0.0,1,0,False,1,0,2016-03-31 18:30:00,v3,100,0.0,90.0,38,ALL,15,1,500,12,0.0129525002244,0.341265550787,0.0752868811197,5,10,0,2016-03-31 18:00:00,0.573033707865,10,2016-04-01 17:00:00,95,0.01,DF1,50,0.0,0,1.0,20160403 16:43:20 EDT,20160401 17:00:00 EDT,62.67
VotingHard,"VotingClassifier(estimators=[('GNBayes', GaussianNB()), ('LDA', LinearDiscriminantAnalysis(n_components=None, priors=None, shrinkage=None,
              solver='svd', store_covariance=False, tol=0.0001)), ('kNeighbors-uniform', KNeighborsClassifier(algorithm='auto', leaf_size=30, metric='minkowski',
           metric_params=None, n_jobs=1, n_neighbors=5, p=2,
           weights='uniform'))],
         voting='hard', weights=None)",DF1,None,0.0,56,1.0,0.0110808710502,0,30m,0.0002,15,500,0.359550561798,0.0,No DPS NZDUSD_30m Validation Period 15,57,0,5000,0.460823970037,None,302.502907008,-1.0,1.5,267,-0.0,2.0,v3.1,,2016-03-14 22:30:00,1.0,600,0.00102229242168,NZDUSD,10,0.0,1.0,"ZZ15_0.002,-0.002",60,0.0,12.4187239523,461.732090972,300,1.75108353412,2,0.0,836.530404383,-0.0,1,0,False,1,0,2016-03-31 18:30:00,v3,100,0.0,90.0,32,ALL,15,1,500,12,0.0141971597089,0.483608064575,0.225028218433,5,10,0,2016-03-31 18:00:00,0.640449438202,10,2016-04-01 17:00:00,95,0.01,DF1,50,0.0,0,1.0,20160403 17:39:59 EDT,20160401 17:00:00 EDT,56.31
VotingHard,"VotingClassifier(estimators=[('GNBayes', GaussianNB()), ('LDA', LinearDiscriminantAnalysis(n_components=None, priors=None, shrinkage=None,
              solver='svd', store_covariance=False, tol=0.0001)), ('kNeighbors-uniform', KNeighborsClassifier(algorithm='auto', leaf_size=30, metric='minkowski',
           metric_params=None, n_jobs=1, n_neighbors=5, p=2,
           weights='uniform'))],
         voting='hard', weights=None)",DF1,None,0.0,56,1.0,0.0126969016658,0,30m,0.0002,15,500,0.404494382022,0.0,No DPS NZDUSD_30m Validation Period 15,53,0,5000,0.485243445693,None,41.5244026573,-1.0,1.5,267,-1.0,1.0,v3.1,,2016-03-14 22:30:00,1.0,600,0.0010428121673,NZDUSD,10,0.0,1.0,"ZZ15_0.002,-0.002",60,0.0,13.9710644463,170.588128122,300,0.61533336457,2,0.0,245.04984144,-0.0,1,0,False,1,0,2016-03-31 18:30:00,v3,100,0.0,30.0,36,ALL,15,1,500,12,0.017888459565,0.372382750495,0.0643360805177,5,10,0,2016-03-31 18:00:00,0.595505617978,10,2016-04-01 17:00:00,95,0.01,DF1,50,0.0,0,1.0,20160403 18:32:44 EDT,20160401 17:00:00 EDT,52.44
VotingHard,"VotingClassifier(estimators=[('GNBayes', GaussianNB()), ('LDA', LinearDiscriminantAnalysis(n_components=None, priors=None, shrinkage=None,
              solver='svd', store_covariance=False, tol=0.0001)), ('kNeighbors-uniform', KNeighborsClassifier(algorithm='auto', leaf_size=30, metric='minkowski',
           metric_params=None, n_jobs=1, n_neighbors=5, p=2,
           weights='uniform'))],
         voting='hard', weights=None)",DF1,None,0.0,56,1.0,0.00772232489402,0,30m,0.0002,15,500,0.516853932584,0.0,No DPS NZDUSD_30m Validation Period 15,43,0,5000,0.500074906367,None,50.8031986061,-0.0,1.5,267,-1.0,2.0,v3.1,,2016-03-14 22:30:00,1.0,600,0.000992009824424,NZDUSD,10,0.0,1.0,"ZZ15_0.002,-0.002",60,0.0,17.8519156814,82.3170702163,300,0.878676837974,2,0.0,146.42635473,-0.0,1,0,False,1,0,2016-03-31 18:30:00,v3,100,0.0,30.0,46,ALL,15,1,500,12,0.011781870188,0.284401625431,0.0984740086902,5,10,0,2016-03-31 18:00:00,0.483146067416,10,2016-04-01 17:00:00,95,0.01,DF1,50,0.0,0,1.0,20160403 19:21:49 EDT,20160401 17:00:00 EDT,48.86
VotingHard,"VotingClassifier(estimators=[('GNBayes', GaussianNB()), ('LDA', LinearDiscriminantAnalysis(n_components=None, priors=None, shrinkage=None,
              solver='svd', store_covariance=False, tol=0.0001)), ('kNeighbors-uniform', KNeighborsClassifier(algorithm='auto', leaf_size=30, metric='minkowski',
           metric_params=None, n_jobs=1, n_neighbors=5, p=2,
           weights='uniform'))],
         voting='hard', weights=None)",DF1,None,0.0,56,1.0,0.0124802013319,0,30m,0.0002,15,500,0.404494382022,0.0,No DPS NZDUSD_30m Validation Period 15,53,0,5000,0.483895131086,None,49.4604204882,-1.0,1.5,267,-1.0,1.0,v3.1,,2016-03-14 22:30:00,1.0,600,0.0010428121673,NZDUSD,10,0.0,1.0,"ZZ15_0.002,-0.002",60,0.0,13.9710644463,147.380054093,300,0.629454006831,2,0.0,371.36950735,-0.0,1,0,False,1,0,2016-03-31 18:30:00,v3,100,0.0,20.0,36,ALL,15,1,500,12,0.015945178143,0.396486167938,0.0695690405056,5,10,0,2016-03-31 18:00:00,0.595505617978,10,2016-04-01 17:00:00,95,0.01,DF1,50,0.0,0,1.0,20160403 20:10:02 EDT,20160401 17:00:00 EDT,47.96
VotingHard,"VotingClassifier(estimators=[('GNBayes', GaussianNB()), ('LDA', LinearDiscriminantAnalysis(n_components=None, priors=None, shrinkage=None,
              solver='svd', store_covariance=False, tol=0.0001)), ('kNeighbors-uniform', KNeighborsClassifier(algorithm='auto', leaf_size=30, metric='minkowski',
           metric_params=None, n_jobs=1, n_neighbors=5, p=2,
           weights='uniform'))],
         voting='hard', weights=None)",DF1,None,0.0,56,1.0,0.00971961127527,0,30m,0.0002,15,500,0.426966292135,0.0,No DPS NZDUSD_30m Validation Period 15,51,0,5000,0.484794007491,None,40.663513778,-1.0,1.5,267,-1.0,1.0,v3.1,,2016-03-14 22:30:00,1.0,600,0.00106059815649,NZDUSD,10,0.0,1.0,"ZZ15_0.002,-0.002",60,0.0,14.7472346934,105.737147927,300,0.767209257129,2,0.0,207.667776991,-0.0,1,0,False,1,0,2016-03-31 18:30:00,v3,100,0.0,20.0,38,ALL,15,1,500,12,0.011873296876,0.321824469856,0.0745418110283,5,10,0,2016-03-31 18:00:00,0.573033707865,10,2016-04-01 17:00:00,95,0.01,DF1,50,0.0,0,1.0,20160403 20:57:56 EDT,20160401 17:00:00 EDT,47.59
VotingHard,"VotingClassifier(estimators=[('GNBayes', GaussianNB()), ('LDA', LinearDiscriminantAnalysis(n_components=None, priors=None, shrinkage=None,
              solver='svd', store_covariance=False, tol=0.0001)), ('kNeighbors-uniform', KNeighborsClassifier(algorithm='auto', leaf_size=30, metric='minkowski',
           metric_params=None, n_jobs=1, n_neighbors=5, p=2,
           weights='uniform'))],
         voting='hard', weights=None)",DF1,None,0.0,56,1.0,0.00995526714329,0,30m,0.0002,15,500,0.359550561798,0.0,No DPS NZDUSD_30m Validation Period 15,57,0,5000,0.460074906367,None,193.33698708,-1.0,1.5,267,-0.0,2.0,v3.1,,2016-03-14 22:30:00,1.0,600,0.00102229242168,NZDUSD,10,0.0,1.0,"ZZ15_0.002,-0.002",60,0.0,12.4187239523,340.897354386,300,1.48296710387,2,0.0,632.873198687,-0.0,1,0,False,1,0,2016-03-31 18:30:00,v3,100,0.0,20.0,32,ALL,15,1,500,12,0.0140586045216,0.476830666356,0.183830064574,5,10,0,2016-03-31 18:00:00,0.640449438202,10,2016-04-01 17:00:00,95,0.01,DF1,50,0.0,0,1.0,20160403 21:35:48 EDT,20160401 17:00:00 EDT,37.63
VotingHard,"VotingClassifier(estimators=[('GNBayes', GaussianNB()), ('LDA', LinearDiscriminantAnalysis(n_components=None, priors=None, shrinkage=None,
              solver='svd', store_covariance=False, tol=0.0001)), ('kNeighbors-uniform', KNeighborsClassifier(algorithm='auto', leaf_size=30, metric='minkowski',
           metric_params=None, n_jobs=1, n_neighbors=5, p=2,
           weights='uniform'))],
         voting='hard', weights=None)",DF1,None,0.0,56,1.0,0.0102605585198,0,30m,0.0002,15,500,0.404494382022,0.0,No DPS NZDUSD_30m Validation Period 15,53,0,5000,0.48456928839,None,76.1202531312,-1.0,1.5,267,-1.0,1.0,v3.1,,2016-03-14 22:30:00,1.0,600,0.0010428121673,NZDUSD,10,0.0,1.0,"ZZ15_0.002,-0.002",60,0.0,13.9710644463,129.855757593,300,0.932576921419,2,0.0,276.396251415,-0.0,1,0,False,1,0,2016-03-31 18:30:00,v3,100,0.0,20.0,36,ALL,15,1,500,12,0.0146747420254,0.388765239996,0.102894132015,5,10,0,2016-03-31 18:00:00,0.595505617978,10,2016-04-01 17:00:00,95,0.01,DF1,50,0.0,0,1.0,20160403 22:16:19 EDT,20160401 17:00:00 EDT,40.21
VotingHard,"VotingClassifier(estimators=[('GNBayes', GaussianNB()), ('LDA', LinearDiscriminantAnalysis(n_components=None, priors=None, shrinkage=None,
              solver='svd', store_covariance=False, tol=0.0001)), ('kNeighbors-uniform', KNeighborsClassifier(algorithm='auto', leaf_size=30, metric='minkowski',
           metric_params=None, n_jobs=1, n_neighbors=5, p=2,
           weights='uniform'))],
         voting='hard', weights=None)",DF1,None,0.0,56,1.0,0.00911342066387,0,30m,0.0002,15,500,0.426966292135,0.0,No DPS NZDUSD_30m Validation Period 15,51,0,5000,0.482471910112,None,52.8313619873,-1.0,1.5,267,-1.0,1.0,v3.1,,2016-03-14 22:30:00,1.0,600,0.00106059815649,NZDUSD,10,0.0,1.0,"ZZ15_0.002,-0.002",60,0.0,14.7472346934,120.536597883,300,0.842800505866,2,0.0,249.020408351,-0.0,1,0,False,1,0,2016-03-31 18:30:00,v3,100,0.0,20.0,38,ALL,15,1,500,12,0.0129239570166,0.330453826578,0.0940039140588,5,10,0,2016-03-31 18:00:00,0.573033707865,10,2016-04-01 17:00:00,95,0.01,DF1,50,0.0,0,1.0,20160403 23:02:22 EDT,20160401 17:00:00 EDT,45.83
VotingHard,"VotingClassifier(estimators=[('GNBayes', GaussianNB()), ('LDA', LinearDiscriminantAnalysis(n_components=None, priors=None, shrinkage=None,
              solver='svd', store_covariance=False, tol=0.0001)), ('kNeighbors-uniform', KNeighborsClassifier(algorithm='auto', leaf_size=30, metric='minkowski',
           metric_params=None, n_jobs=1, n_neighbors=5, p=2,
           weights='uniform'))],
         voting='hard', weights=None)",DF1,None,0.0,56,1.0,0.0122603617336,0,30m,0.0002,15,500,0.404494382022,0.0,No DPS NZDUSD_30m Validation Period 15,53,0,5000,0.479026217228,None,49.9103390353,-1.0,1.5,267,-1.0,1.0,v3.1,,2016-03-14 22:30:00,1.0,600,0.0010428121673,NZDUSD,10,0.0,1.0,"ZZ15_0.002,-0.002",60,0.0,13.9710644463,154.319263195,300,0.645148084813,2,0.0,298.831434742,-0.0,1,0,False,1,0,2016-03-31 18:30:00,v3,100,0.0,20.0,36,ALL,15,1,500,12,0.0159395317661,0.419246329287,0.0728959549507,5,10,0,2016-03-31 18:00:00,0.595505617978,10,2016-04-01 17:00:00,95,0.01,DF1,50,0.0,0,1.0,20160403 23:39:54 EDT,20160401 17:00:00 EDT,37.28
VotingHard,"VotingClassifier(estimators=[('GNBayes', GaussianNB()), ('LDA', LinearDiscriminantAnalysis(n_components=None, priors=None, shrinkage=None,
              solver='svd', store_covariance=False, tol=0.0001)), ('kNeighbors-uniform', KNeighborsClassifier(algorithm='auto', leaf_size=30, metric='minkowski',
           metric_params=None, n_jobs=1, n_neighbors=5, p=2,
           weights='uniform'))],
         voting='hard', weights=None)",DF1,None,0.0,56,1.0,0.0108441437833,0,30m,0.0002,15,250,0.426966292135,0.0,No DPS NZDUSD_30m Validation Period 15,51,0,5000,0.493782771536,None,54.6307451353,-1.0,1.5,267,-1.0,1.0,v3.1,,2016-03-13 23:00:00,1.0,600,0.00106059815649,NZDUSD,10,0.0,1.0,"ZZ15_0.002,-0.002",60,0.0,14.7472346934,122.417320288,300,0.734507007292,2,0.0,247.297379041,-0.0,1,0,False,1,0,2016-03-30 19:00:00,v3,100,0.0,20.0,38,ALL,15,1,250,12,0.0144525414482,0.38224751033,0.0802076398453,5,10,0,2016-03-30 18:30:00,0.573033707865,10,2016-04-01 17:00:00,95,0.01,DF1,50,0.0,0,1.0,20160403 23:44:04 EDT,20160401 17:00:00 EDT,3.82
VotingHard,"VotingClassifier(estimators=[('GNBayes', GaussianNB()), ('LDA', LinearDiscriminantAnalysis(n_components=None, priors=None, shrinkage=None,
              solver='svd', store_covariance=False, tol=0.0001)), ('kNeighbors-uniform', KNeighborsClassifier(algorithm='auto', leaf_size=30, metric='minkowski',
           metric_params=None, n_jobs=1, n_neighbors=5, p=2,
           weights='uniform'))],
         voting='hard', weights=None)",DF1,None,0.0,56,1.0,0.0104661387237,0,30m,0.0002,15,250,0.426966292135,0.0,No DPS NZDUSD_30m Validation Period 15,51,0,5000,0.488539325843,None,47.8657049301,-1.0,1.5,267,-1.0,1.0,v3.1,,2016-03-13 23:00:00,1.0,600,0.00106059815649,NZDUSD,10,0.0,1.0,"ZZ15_0.002,-0.002",60,0.0,14.7472346934,104.526700591,300,0.700361688369,2,0.0,228.000294681,-0.0,1,0,False,1,0,2016-03-30 19:00:00,v3,100,0.0,20.0,38,ALL,15,1,250,12,0.0125146445723,0.350309995347,0.0758085392065,5,10,0,2016-03-30 18:30:00,0.573033707865,10,2016-04-01 17:00:00,95,0.01,DF1,50,0.0,0,1.0,20160404 00:56:30 EDT,20160401 17:00:00 EDT,3356.5071
VotingHard,"VotingClassifier(estimators=[('GNBayes', GaussianNB()), ('LDA', LinearDiscriminantAnalysis(n_components=None, priors=None, shrinkage=None,
              solver='svd', store_covariance=False, tol=0.0001)), ('kNeighbors-uniform', KNeighborsClassifier(algorithm='auto', leaf_size=30, metric='minkowski',
           metric_params=None, n_jobs=1, n_neighbors=5, p=2,
           weights='uniform'))],
         voting='hard', weights=None)",DF1,None,0.0,56,1.0,0.0101640382887,0,30m,0.0002,15,250,0.426966292135,0.0,No DPS NZDUSD_30m Validation Period 15,51,0,5000,0.487490636704,None,57.9043629508,-1.0,1.5,267,-1.0,1.0,v3.1,,2016-03-13 23:00:00,1.0,600,0.00106059815649,NZDUSD,10,0.0,1.0,"ZZ15_0.002,-0.002",60,0.0,14.7472346934,126.960137223,300,0.897642479951,2,0.0,244.792837814,-0.0,1,0,False,1,0,2016-03-30 19:00:00,v3,100,0.0,20.0,38,ALL,15,1,250,12,0.0134443968628,0.342277571347,0.0919666018885,5,10,0,2016-03-30 18:30:00,0.573033707865,10,2016-04-01 17:00:00,95,0.01,DF1,50,0.0,0,1.0,20160404 01:54:22 EDT,20160401 17:00:00 EDT,3414.36791667
VotingHard,"VotingClassifier(estimators=[('GNBayes', GaussianNB()), ('LDA', LinearDiscriminantAnalysis(n_components=None, priors=None, shrinkage=None,
              solver='svd', store_covariance=False, tol=0.0001)), ('kNeighbors-uniform', KNeighborsClassifier(algorithm='auto', leaf_size=30, metric='minkowski',
           metric_params=None, n_jobs=1, n_neighbors=5, p=2,
           weights='uniform'))],
         voting='hard', weights=None)",DF1,None,0.0,44,1.0,0.00788731148286,0,30m,0.0002,15,500,0.573033707865,0.0,No DPS NZDUSD_30m Validation Period 15,38,0,5000,0.489737827715,None,194.142381364,-0.151796120338,1.5,267,-0.556675062972,2.29152881669,v3.1,,2016-03-14 09:00:00,1.0,600,0.000916011069887,NZDUSD,10,0.0,0.0,"ZZ15_0.002,-0.002",60,0.0,19.792341299,344.667286983,300,1.73257942805,2,0.0,627.777191597,-0.0,1,0,False,1,0,2016-03-31 05:00:00,v3,100,0.0,20.0,51,ALL,15,1,500,12,0.0102990490091,0.449828100904,0.188396559234,5,10,0,2016-03-31 04:30:00,0.426966292135,10,2016-04-04 02:30:00,95,0.01,DF1,50,0.0,0,1.0,20160404 02:43:19 EDT,20160404 02:30:00 EDT,13.3311833333
VotingHard,"VotingClassifier(estimators=[('GNBayes', GaussianNB()), ('LDA', LinearDiscriminantAnalysis(n_components=None, priors=None, shrinkage=None,
              solver='svd', store_covariance=False, tol=0.0001)), ('kNeighbors-uniform', KNeighborsClassifier(algorithm='auto', leaf_size=30, metric='minkowski',
           metric_params=None, n_jobs=1, n_neighbors=5, p=2,
           weights='uniform'))],
         voting='hard', weights=None)",DF1,None,0.0,56,1.0,0.00997178767236,0,30m,0.0002,15,500,0.561797752809,0.0,No DPS NZDUSD_30m Validation Period 15,39,0,5000,0.496179775281,None,69.3701254963,-0.0,1.5,267,-0.995005297412,2.00499470259,v3.1,,2016-03-14 09:00:00,1.0,600,0.00087118604431,NZDUSD,10,0.0,0.829787234043,"ZZ15_0.002,-0.002",60,0.0,19.4042561755,171.434099805,300,0.879099554598,2,0.0,380.014743045,-0.0,1,0,False,1,0,2016-03-31 05:00:00,v3,100,0.0,20.0,50,ALL,15,1,500,12,0.0131011376891,0.409587003772,0.110127045034,5,10,0,2016-03-31 04:30:00,0.438202247191,10,2016-04-04 03:00:00,95,0.01,DF1,50,0.0,0,1.0,20160404 03:39:54 EDT,20160404 03:00:00 EDT,39.91035
VotingHard,"VotingClassifier(estimators=[('GNBayes', GaussianNB()), ('LDA', LinearDiscriminantAnalysis(n_components=None, priors=None, shrinkage=None,
              solver='svd', store_covariance=False, tol=0.0001)), ('kNeighbors-uniform', KNeighborsClassifier(algorithm='auto', leaf_size=30, metric='minkowski',
           metric_params=None, n_jobs=1, n_neighbors=5, p=2,
           weights='uniform'))],
         voting='hard', weights=None)",DF1,None,0.0,56,1.0,0.0134601742001,0,30m,0.0002,45,500,0.370786516854,0.0,No DPS NZDUSD_30m Validation Period 45,56,0,5000,0.475505617978,None,96.3371420626,-0.0,1.5,267,-0.0,3.0,v3.1,,2016-03-14 10:00:00,1.0,600,0.000925322019764,NZDUSD,10,0.0,1.0,"ZZ15_0.002,-0.002",60,0.0,12.8068090758,185.022949847,300,0.981075052461,2,0.0,348.1143792,-0.0,1,0,False,1,0,2016-03-31 06:00:00,v3,100,0.0,20.0,33,ALL,15,1,500,12,0.0155383577339,0.468629210613,0.107636645362,5,10,0,2016-03-31 05:30:00,0.629213483146,10,2016-04-04 04:00:00,95,0.01,DF1,50,0.0,0,1.0,20160404 03:47:24 EDT,20160404 04:00:00 EDT,-12.5909333333
VotingHard,"VotingClassifier(estimators=[('GNBayes', GaussianNB()), ('LDA', LinearDiscriminantAnalysis(n_components=None, priors=None, shrinkage=None,
              solver='svd', store_covariance=False, tol=0.0001)), ('kNeighbors-uniform', KNeighborsClassifier(algorithm='auto', leaf_size=30, metric='minkowski',
           metric_params=None, n_jobs=1, n_neighbors=5, p=2,
           weights='uniform'))],
         voting='hard', weights=None)",DF1,None,0.0,56,1.0,0.0111927056448,0,30m,0.0002,45,500,0.370786516854,0.0,No DPS NZDUSD_30m Validation Period 45,56,0,5000,0.463445692884,None,68.1392883047,-0.0,1.5,267,-0.0,3.0,v3.1,,2016-03-14 10:00:00,1.0,600,0.000925322019764,NZDUSD,10,0.0,1.0,"ZZ15_0.002,-0.002",60,0.0,12.8068090758,127.35886984,300,0.938809080282,2,0.0,244.920103192,-0.0,1,0,False,1,0,2016-03-31 06:00:00,v3,100,0.0,20.0,33,ALL,15,1,500,12,0.0174178843028,0.370135421574,0.0997427476686,5,10,0,2016-03-31 05:30:00,0.629213483146,10,2016-04-04 04:00:00,95,0.01,DF1,50,0.0,0,1.0,20160404 03:54:49 EDT,20160404 04:00:00 EDT,-5.17816666667
VotingHard,"VotingClassifier(estimators=[('GNBayes', GaussianNB()), ('LDA', LinearDiscriminantAnalysis(n_components=None, priors=None, shrinkage=None,
              solver='svd', store_covariance=False, tol=0.0001)), ('kNeighbors-uniform', KNeighborsClassifier(algorithm='auto', leaf_size=30, metric='minkowski',
           metric_params=None, n_jobs=1, n_neighbors=5, p=2,
           weights='uniform'))],
         voting='hard', weights=None)",DF1,None,0.0,56,1.0,0.00957138152527,0,30m,0.0002,45,250,0.370786516854,0.0,No DPS NZDUSD_30m Validation Period 45,56,0,5000,0.46734082397,None,130.594128991,-0.0,1.5,267,-0.802312138728,2.19768786127,v3.1,,2016-03-14 10:00:00,1.0,600,0.000925322019764,NZDUSD,10,0.0,0.75,"ZZ15_0.002,-0.002",60,0.0,12.8068090758,255.991579792,300,1.34792527804,2,0.0,376.696107919,-0.0,1,0,False,1,0,2016-03-31 06:00:00,v3,100,0.0,20.0,33,ALL,15,1,250,12,0.0182005627384,0.402102149308,0.154813579357,5,10,0,2016-03-31 05:30:00,0.629213483146,10,2016-04-04 04:00:00,95,0.01,DF1,50,0.0,0,1.0,20160404 04:00:00 EDT,20160404 04:00:00 EDT,0.01275
VotingHard,"VotingClassifier(estimators=[('GNBayes', GaussianNB()), ('LDA', LinearDiscriminantAnalysis(n_components=None, priors=None, shrinkage=None,
              solver='svd', store_covariance=False, tol=0.0001)), ('kNeighbors-uniform', KNeighborsClassifier(algorithm='auto', leaf_size=30, metric='minkowski',
           metric_params=None, n_jobs=1, n_neighbors=5, p=2,
           weights='uniform'))],
         voting='hard', weights=None)",DF1,None,0.0,56,1.0,0.00891397896656,0,30m,0.0002,45,500,0.370786516854,0.0,No DPS NZDUSD_30m Validation Period 45,56,0,5000,0.466516853933,None,43.4109096728,-0.0,1.5,267,-0.95857253685,2.04142746315,v3.1,,2016-03-14 10:00:00,1.0,600,0.000925322019764,NZDUSD,10,0.0,1.0,"ZZ15_0.002,-0.002",60,0.0,12.8068090758,105.593147972,300,0.700611363632,2,0.0,235.766546819,-0.0,1,0,False,1,0,2016-03-31 06:00:00,v3,100,0.0,20.0,33,ALL,15,1,500,12,0.0113673422485,0.356887783401,0.0735128914334,5,10,0,2016-03-31 05:30:00,0.629213483146,10,2016-04-04 04:00:00,95,0.01,DF1,50,0.0,0,1.0,20160404 05:09:27 EDT,20160404 04:00:00 EDT,69.4638666667
VotingHard,"VotingClassifier(estimators=[('GNBayes', GaussianNB()), ('LDA', LinearDiscriminantAnalysis(n_components=None, priors=None, shrinkage=None,
              solver='svd', store_covariance=False, tol=0.0001)), ('kNeighbors-uniform', KNeighborsClassifier(algorithm='auto', leaf_size=30, metric='minkowski',
           metric_params=None, n_jobs=1, n_neighbors=5, p=2,
           weights='uniform'))],
         voting='hard', weights=None)",DF1,None,0.0,56,1.0,0.0108992332021,0,30m,0.0002,90,250,0.202247191011,0.0,No DPS NZDUSD_30m Validation Period 90,71,0,5000,0.335580524345,None,135.72573042,-1.0,1.5,267,-0.0,2.0,v3.1,,2016-03-14 11:30:00,1.0,600,0.00100076898642,NZDUSD,10,0.0,1.0,GA15,60,0.0,6.98553222317,306.798321108,300,1.40932030315,2,0.0,493.01437324,-0.0,1,0,False,1,0,2016-03-31 07:30:00,v3,100,0.0,20.0,18,ALL,15,1,250,12,0.014066736897,0.458595578804,0.16290624405,5,10,0,2016-03-31 07:00:00,0.797752808989,10,2016-04-04 05:30:00,95,0.01,DF1,50,0.0,0,1.0,20160404 06:12:44 EDT,20160404 05:30:00 EDT,42.7401
None,None,DF1,None,0.0,56,1.0,0.00867478495988,0,30m,0.0002,15,590,0.213483146067,0.0,No DPS NZDUSD_30m Validation Period 15,70,0,5000,0.341423220974,None,465.515959155,-1.0,1.5,267,-0.732055862293,1.26794413771,v3.1,,2016-03-14 12:30:00,1.0,600,0.000994295299957,NZDUSD,10,0.0,1.0,SH1,60,0.0,7.37361734668,960.014792473,300,2.15120190835,2,0.0,1823.3652571,-0.0,1,0,False,1,0,2016-03-31 08:30:00,v3,100,0.0,20.0,19,ALL,1,1,0,12,0.00942835300023,0.559520206015,0.280341242798,5,10,0,2016-03-31 08:00:00,0.786516853933,10,2016-04-04 06:30:00,95,0.01,DF1,50,0.0,0,1.0,20160404 07:22:00 EDT,20160404 06:30:00 EDT,52.0089
VotingHard,"VotingClassifier(estimators=[('GNBayes', GaussianNB()), ('LDA', LinearDiscriminantAnalysis(n_components=None, priors=None, shrinkage=None,
              solver='svd', store_covariance=False, tol=0.0001)), ('kNeighbors-uniform', KNeighborsClassifier(algorithm='auto', leaf_size=30, metric='minkowski',
           metric_params=None, n_jobs=1, n_neighbors=5, p=2,
           weights='uniform'))],
         voting='hard', weights=None)",DF1,None,0.0,56,1.0,0.00954126360508,0,30m,0.0002,15,500,0.224719101124,0.0,No DPS NZDUSD_30m Validation Period 15,69,0,5000,0.348239700375,None,950.15901262,-0.831274912891,1.5,267,-0.933617539586,1.23510754752,v3.1,,2016-03-14 13:30:00,1.0,600,0.000872669236652,NZDUSD,10,0.0,1.0,"ZZ15_0.002,-0.002",60,0.0,7.76170247019,2436.4472321,300,2.46662542162,2,0.0,5895.62427198,-0.0,1,0,False,1,0,2016-03-31 09:30:00,v3,100,0.0,20.0,20,ALL,15,1,500,12,0.0136087645876,0.704310809855,0.321694240632,5,10,0,2016-03-31 09:00:00,0.775280898876,10,2016-04-04 07:30:00,95,0.01,DF1,50,0.0,0,1.0,20160404 08:35:41 EDT,20160404 07:30:00 EDT,65.6841666667
VotingHard,"VotingClassifier(estimators=[('GNBayes', GaussianNB()), ('LDA', LinearDiscriminantAnalysis(n_components=None, priors=None, shrinkage=None,
              solver='svd', store_covariance=False, tol=0.0001)), ('kNeighbors-uniform', KNeighborsClassifier(algorithm='auto', leaf_size=30, metric='minkowski',
           metric_params=None, n_jobs=1, n_neighbors=5, p=2,
           weights='uniform'))],
         voting='hard', weights=None)",DF1,None,0.0,56,1.0,0.00829435803437,0,30m,0.0002,15,250,0.606741573034,0.0,No DPS NZDUSD_30m Validation Period 15,35,0,5000,0.477003745318,None,24.4636692646,-0.0,1.5,267,-0.321917808219,2.67808219178,v3.1,,2016-03-14 15:30:00,1.0,600,0.000863842466697,NZDUSD,10,0.0,0.0,GA30,60,0.0,20.9565966695,77.0240701073,300,0.550410575255,2,0.0,137.341687123,-0.0,1,0,False,1,0,2016-03-31 11:00:00,v3,100,0.0,20.0,54,ALL,30,1,250,12,0.0108511920231,0.311631481699,0.0544046487304,5,10,0,2016-03-31 10:30:00,0.393258426966,10,2016-04-04 09:00:00,95,0.01,DF1,50,0.0,0,1.0,20160404 09:26:42 EDT,20160404 09:00:00 EDT,26.7031166667
VotingHard,"VotingClassifier(estimators=[('GNBayes', GaussianNB()), ('LDA', LinearDiscriminantAnalysis(n_components=None, priors=None, shrinkage=None,
              solver='svd', store_covariance=False, tol=0.0001)), ('kNeighbors-uniform', KNeighborsClassifier(algorithm='auto', leaf_size=30, metric='minkowski',
           metric_params=None, n_jobs=1, n_neighbors=5, p=2,
           weights='uniform'))],
         voting='hard', weights=None)",DF1,None,0.0,56,1.0,0.0082609340306,0,30m,0.0002,15,250,0.47191011236,0.0,No DPS NZDUSD_30m Validation Period 15,47,0,5000,0.501348314607,None,14.5913732478,-0.0,1.5,267,-1.0,2.0,v3.1,,2016-03-14 16:00:00,1.0,600,0.000868766575063,NZDUSD,10,0.0,0.839285714286,"ZZ15_0.002,-0.002",60,0.0,16.2995751874,95.2986669801,300,0.357607341013,2,0.0,158.600388737,-0.0,1,0,False,1,0,2016-03-31 11:30:00,v3,100,0.0,20.0,42,ALL,15,1,250,12,0.0132529004248,0.276806089617,0.0352661109956,5,10,0,2016-03-31 11:00:00,0.52808988764,10,2016-04-04 09:30:00,95,0.01,DF1,50,0.0,0,1.0,20160404 10:26:50 EDT,20160404 09:30:00 EDT,56.8339666667
VotingHard,"VotingClassifier(estimators=[('GNBayes', GaussianNB()), ('LDA', LinearDiscriminantAnalysis(n_components=None, priors=None, shrinkage=None,
              solver='svd', store_covariance=False, tol=0.0001)), ('kNeighbors-uniform', KNeighborsClassifier(algorithm='auto', leaf_size=30, metric='minkowski',
           metric_params=None, n_jobs=1, n_neighbors=5, p=2,
           weights='uniform'))],
         voting='hard', weights=None)",DF1,None,0.0,56,1.0,0.0118591639352,0,30m,0.0002,15,500,0.460674157303,0.0,No DPS NZDUSD_30m Validation Period 15,48,0,5000,0.498576779026,None,-20.6877674299,-0.0,1.5,267,-0.99,1.88795389972,v3.1,,2016-03-14 16:30:00,0.877953899721,600,0.000904444848664,NZDUSD,10,0.0,0.166666666667,"ZZ15_0.002,-0.002",60,0.0,15.9114900639,19.33250499,300,-0.557301509331,2,0.0,49.2188723357,-0.0,1,0,False,1,0,2016-04-04 03:00:00,v3,100,0.0,20.0,41,ALL,15,1,500,12,0.01324202776,0.279547270377,-0.0567208986835,5,10,0,2016-04-04 02:30:00,0.539325842697,10,2016-04-04 10:00:00,95,0.01,DF1,50,0.0,0,1.0,20160404 10:59:18 EDT,20160404 10:00:00 EDT,59.3042833333
